Site ID;Locality;Region;Coast;Ecosystem;Genus;Status;Tidal.R;Sampling year;lat;long;Water Depth
AG.S;Aguamarga;Andalucia;Mediterranean Sea;Seagrass;Posidonia oceanica;Healthy;Subtidal;2017;36.937683;-1.93345;4.8
AG.I;Aguamarga;Andalucia;Mediterranean Sea;Seagrass;Posidonia oceanica;Healthy;Subtidal;2017;36.936167;-1.932033;10.8
AG.D;Aguamarga;Andalucia;Mediterranean Sea;Seagrass;Posidonia oceanica;Healthy;Subtidal;2017;36.933167;-1.9316;18
AL.S;Almerimar;Andalucia;Mediterranean Sea;Seagrass;Posidonia oceanica;Healthy;Subtidal;2017;36.685379;-2.803734;4.5
SA.ZN.S;Bahia de Cadiz;Andalucia;Atlantic Ocean;Seagrass;Zostera noltii;Healthy;Intertidal;2016;36.46893;-6.2513;0
SA.ZN.D;Bahia de Cadiz;Andalucia;Atlantic Ocean;Seagrass;Zostera noltii;Healthy;Subtidal;2016;36.46893;-6.2513;0.3
SA.ZN.C;Bahia de Cadiz;Andalucia;Atlantic Ocean;Seagrass;Zostera noltii;Degraded;Intertidal;2016;36.54811;-6.2102;0
SA.CN;Bahia de Cadiz;Andalucia;Atlantic Ocean;Seagrass;Cymodocea nodosa;Healthy;Subtidal;2016;36.46946;-6.2512;0.5
BA.S;Bajos de Alquian;Andalucia;Mediterranean Sea;Seagrass;Cymodocea nodosa;Healthy;Subtidal;2017;36.823183;-2.385667;6.8
BA.SC;Bajos de Alquian;Andalucia;Mediterranean Sea;Seagrass;Cymodocea nodosa;Healthy;Subtidal;2017;36.823183;-2.385667;7.1
CA.S;Calaburras;Andalucia;Mediterranean Sea;Seagrass;Posidonia oceanica;Dead;Subtidal;2017;36.49065;-4.69355;0.5
CA.SC;Calaburras;Andalucia;Mediterranean Sea;Seagrass;Posidonia oceanica;Dead;Subtidal;2017;36.49045;-4.693683;0.5
DE.I;Villaricos;Andalucia;Mediterranean Sea;Seagrass;Posidonia oceanica;Degraded;Subtidal;2016;37.254828;-1.760349;15.9
ME.S;Melicena;Andalucia;Mediterranean Sea;Seagrass;Posidonia oceanica;Degraded;Subtidal;;36.753757;-3.249053;4.2
PA.I;Palomares;Andalucia;Mediterranean Sea;Seagrass;Cymodocea nodosa;Healthy;Subtidal;2017;37.221601;-1.783238;10.2
PA.IV;Palomares;Andalucia;Mediterranean Sea;Seagrass;Cymodocea nodosa;Healthy;Subtidal;2017;37.2156389;-1.792694444;12
RO.S;Roquetas de Mar;Andalucia;Mediterranean Sea;Seagrass;Posidonia oceanica;Healthy;Subtidal;2016;36.785917;-2.586683;1.5
RO.SC;Roquetas de Mar;Andalucia;Mediterranean Sea;Seagrass;Posidonia oceanica;Dead;Subtidal;2016;36.7867222;-2.590055556;1
RO.CN;Roquetas de Mar;Andalucia;Mediterranean Sea;Seagrass;Cymodocea nodosa;Dead;Subtidal;2016;36.7867222;-2.590055556;0.7
RO.SC;Roquetas de Mar;Andalucia;Mediterranean Sea;Seagrass;Posidonia oceanica;Dead;Subtidal;2016;36.7867222;-2.590055556;0.7
RO.I;Roquetas de Mar;Andalucia;Mediterranean Sea;Seagrass;Posidonia oceanica;Degraded;Subtidal;2017;36.7878;-2.577517;14.8
RO.IS;Roquetas de Mar;Andalucia;Mediterranean Sea;Seagrass;Posidonia oceanica;Healthy;Subtidal;2017;36.7906;-2.58035;10.5
RO.E;Roquetas de Mar;Andalucia;Mediterranean Sea;Seagrass;Posidonia oceanica;Dead;Subtidal;2017;36.7859;-2.5799;14.7
RO.IR;Roquetas de Mar;Andalucia;Mediterranean Sea;Seagrass;Posidonia oceanica;Degraded;Subtidal;2017;36.7859;-2.5799;14.8
RO.IB;Roquetas de Mar;Andalucia;Mediterranean Sea;Seagrass;Posidonia oceanica;Degraded;Subtidal;2017;36.7878;-2.577517;10.5
TE.S;Terreros;Andalucia;Mediterranean Sea;Seagrass;Posidonia oceanica;Healthy;Subtidal;2016;37.34972;-1.67499;5.5
TE.I;Terreros;Andalucia;Mediterranean Sea;Seagrass;Posidonia oceanica;Healthy;Subtidal;2017;37.348977;-1.661482;12.5
TE.IC;Terreros;Andalucia;Mediterranean Sea;Seagrass;Unvegetated Seagrass;Control;Subtidal;2017;37.348977;-1.661482;12.5
TE.D;Terreros;Andalucia;Mediterranean Sea;Seagrass;Posidonia oceanica;Healthy;Subtidal;2017;37.342769;-1.650453;18.5
ODM.L;El Odiel;Andalucia;Atlantic Ocean;Salt Marsh;Spartina maritima;Healthy;Low;2016;37.174333;-6.931083;
ODM.LC;El Odiel;Andalucia;Atlantic Ocean;Salt Marsh;Unvegetated;Control;Low;2016;37.174333;-6.931083;
ODN.DV;El Odiel;Andalucia;Atlantic Ocean;Salt Marsh;Mixed Salt Marsh;Degraded;High;2016;37.27314;-7.01554;
ODN.DC;El Odiel;Andalucia;Atlantic Ocean;Salt Marsh;Unvegetated;Control;High;2016;37.27347;-7.01543;
ODH;El Odiel;Andalucia;Atlantic Ocean;Salt Marsh;Mixed Salt Marsh;Healthy;High;2016;37.203806;-6.951333;
ODE.M;El Odiel;Andalucia;Atlantic Ocean;Salt Marsh;Sarcocornia;Healthy;Medium;2016;37.172883;-6.928167;
ODB.Z;El Odiel;Andalucia;Atlantic Ocean;Salt Marsh;Sarcocornia;Restored;Medium;2016;37.2416;-6.9673;
ODL.R;El Odiel;Andalucia;Atlantic Ocean;Salt Marsh;Spartina maritima;Restored;Medium;2016;37.155472;-6.905583;
TOR.L;Toru¤os;Andalucia;Atlantic Ocean;Salt Marsh;Spartina maritima;Healthy;Low;2016;36.548667;-6.210222;
TOR.LC;Toru¤os;Andalucia;Atlantic Ocean;Salt Marsh;Unvegetated Salt Marsh;Control;Low;2016;36.549222;-6.210083;
TOR.M;Toru¤os;Andalucia;Atlantic Ocean;Salt Marsh;Salicornia;Healthy;Medium;2016;36.548722;-6.209944;
TOR.H;Toru¤os;Andalucia;Atlantic Ocean;Salt Marsh;Mixed Salt Marsh;Healthy;High;2016;36.548492;-6.210453;
SM05;Santa Mar¡a;Illes Balears;Mediterranean Sea;Seagrass;Posidonia oceanica;Healthy;Subtidal;2015;39.15;2.949167;5
SM10;Santa Mar¡a;Illes Balears;Mediterranean Sea;Seagrass;Posidonia oceanica;Healthy;Subtidal;2015;39.150833;2.948611;10
SM15;Santa Mar¡a;Illes Balears;Mediterranean Sea;Seagrass;Posidonia oceanica;Healthy;Subtidal;2015;39.151667;2.948056;15
SM25;Santa Mar¡a;Illes Balears;Mediterranean Sea;Seagrass;Posidonia oceanica;Healthy;Subtidal;2015;39.153333;2.945556;25
EP05;Es Port;Illes Balears;Mediterranean Sea;Seagrass;Posidonia oceanica;Healthy;Subtidal;2015;39.145;2.933333;5
S.ZN;Santander Bay;Cantabria;Atlantic Ocean;Seagrass;Zostera noltii;Healthy;Intertidal;;43.44654;-3.772768;0
S.ZN.C;Santander Bay;Cantabria;Atlantic Ocean;Seagrass;Zostera noltii;Control;Intertidal;;43.44654;-3.772768;0
S.ZM;Santander Bay;Cantabria;Atlantic Ocean;Seagrass;Zostera marina;Healthy;Subtidal;;43.447417;-3.772972;0.5
S.ZM.C;Santander Bay;Cantabria;Atlantic Ocean;Seagrass;Zostera marina;Control;Subtidal;;43.447417;-3.772972;0.5
Arinaga;Arinaga;Canarias;Ultraperiferic T.;Seagrass;Cymodocea nodosa;Healthy;Subtidal;2018;27.851831;-15.395308;11
Castillo del Romeral;Castillo del Romeral;Canarias;Ultraperiferic T.;Seagrass;Cymodocea nodosa;Healthy;Subtidal;2018;27.787783;-15.491339;8
El Pajar;El Pajar;Canarias;Ultraperiferic T.;Seagrass;Cymodocea nodosa;Healthy;Subtidal;2018;27.753972;-15.669611;10
Gando;Gando;Canarias;Ultraperiferic T.;Seagrass;Cymodocea nodosa;Healthy;Subtidal;2018;27.924814;-15.380603;10
P. Cabron;P. Cabron;Canarias;Ultraperiferic T.;Seagrass;Cymodocea nodosa;Healthy;Subtidal;2018;27.869889;-15.384111;13
Risco Verde;Risco Verde;Canarias;Ultraperiferic T.;Seagrass;Cymodocea nodosa;Healthy;Subtidal;2018;27.856222;-15.386194;12
BS1A;Bay of Santander;Cantabria;Cantabrian Sea;Salt Marsh;Mixed Salt Marsh;Healthy;High;2019;43.432096;-3.758772;
BS1B;Bay of Santander;Cantabria;Cantabrian Sea;Salt Marsh;Spartina maritima;Healthy;Low;2019;43.43318;-3.758215;
BS2A;Bay of Santander;Cantabria;Cantabrian Sea;Salt Marsh;Halimione;Healthy;High;2019;43.452136;-3.748134;
BS2B;Bay of Santander;Cantabria;Cantabrian Sea;Salt Marsh;Sarcocornia;Healthy;Low;2019;43.45194;-3.748752;
BS2C;Bay of Santander;Cantabria;Cantabrian Sea;Seagrass;Zostera noltii;Healthy;Intertidal;2019;43.451968;-3.7538;
BS3A;Bay of Santander;Cantabria;Cantabrian Sea;Salt Marsh;Halimione;Healthy;High;2019;43.40954861;-3.808979;
BS3C;Bay of Santander;Cantabria;Cantabrian Sea;Seagrass;Zostera noltii;Healthy;Intertidal;2019;43.409782;-3.809467;
BS4EXP;Bay of Santander;Cantabria;Cantabrian Sea;Seagrass;Zostera noltii;Healthy;Intertidal;2019;43.446924;-3.772969;
BS4SP;Bay of Santander;Cantabria;Cantabrian Sea;Seagrass;Unvegetated Seagrass;Healthy;Intertidal;2019;43.447657;-3.772398;
MM1A;Mondego estuary;N Portugal;Atlantic Ocean;Salt Marsh;Spartina maritima;Healthy;Low;2019;40.132017;-8.84815;
MM1B;Mondego estuary;N Portugal;Atlantic Ocean;Seagrass;Zostera noltii;Healthy;Intertidal;2019;40.130783;-8.846967;
MM2A;Mondego estuary;N Portugal;Atlantic Ocean;Salt Marsh;Juncus;Healthy;High;2019;40.139017;-8.808083;
MM3A;Mondego estuary;N Portugal;Atlantic Ocean;Salt Marsh;Juncus;Healthy;High;2019;40.119205;-8.775068;
MM3B;Mondego estuary;N Portugal;Atlantic Ocean;Salt Marsh;Scirpus;Healthy;Low;2019;40.118117;-8.77415;
MS1A;Santo¤a Marshes;Cantabria;Cantabrian Sea;Salt Marsh;Juncus;Healthy;High;2019;43.368192;-3.428633;
MS2A;Santo¤a Marshes;Cantabria;Cantabrian Sea;Salt Marsh;Halimione;Healthy;High;2019;43.419143;-3.480078;
MS2B;Santo¤a Marshes;Cantabria;Cantabrian Sea;Salt Marsh;Spartina maritima;Healthy;Low;2019;43.419399;-3.480063;
MS2C;Santo¤a Marshes;Cantabria;Cantabrian Sea;Seagrass;Zostera noltii;Healthy;Intertidal;2019;43.419456;-3.479795;
MS3B;Santo¤a Marshes;Cantabria;Cantabrian Sea;Salt Marsh;Spartina maritima;Healthy;Low;2019;43.448644;-3.487925;
OY_A1M;Oyambre estuary;Cantabria;Cantabrian Sea;Salt Marsh;Mixed Salt Marsh;Healthy;High;2018;43.38583;-4.324631;
OY_A2M;Oyambre estuary;Cantabria;Cantabrian Sea;Salt Marsh;Mixed Salt Marsh;Healthy;High;2018;43.382675;-4.335772;
OY_NM;Oyambre estuary;Cantabria;Cantabrian Sea;Salt Marsh;Mixed Salt Marsh;Healthy;High;2018;43.382817;-4.318047;
OY_NP;Oyambre estuary;Cantabria;Cantabrian Sea;Seagrass;Zostera noltii;Healthy;Intertidal;2018;43.383328;-4.317465;
OY_RM;Oyambre estuary;Cantabria;Cantabrian Sea;Salt Marsh;Mixed Salt Marsh;Restored;High;2018;43.373796;-4.315642;
Pedrena;Bay of Santander;Cantabria;Cantabrian Sea;Seagrass;Zostera noltii;Healthy;Intertidal;2018;43.446924;-3.772969;
Pontejos;Bay of Santander;Cantabria;Cantabrian Sea;Seagrass;Mixed Seagrass;Healthy;Intertidal;2018;43.412836;-3.812851;
Puntal;Bay of Santander;Cantabria;Cantabrian Sea;Seagrass;Zostera noltii;Healthy;Intertidal;2018;43.4518;-3.756;
San Bartolome_80;Bay of Santander;Cantabria;Cantabrian Sea;Seagrass;Zostera noltii;Healthy;Intertidal;2018;43.423333;-3.779501;
San Bartolome_20;Bay of Santander;Cantabria;Cantabrian Sea;Seagrass;Zostera noltii;Healthy;Intertidal;2018;43.423191;-3.780524;
Somo;Bay of Santander;Cantabria;Mediterranean Sea;Seagrass;Zostera noltii;Healthy;Intertidal;2018;43.451745;-3.753552;
Pollenca;Mallorca;Illes Balears;Mediterranean Sea;Seagrass;Posidonia oceanica;Healthy;Intertidal;2012;39.904822;3.092922;4
Santa Maria_13;Cabrera;Illes Balears;Mediterranean Sea;Seagrass;Posidonia oceanica;Healthy;Intertidal;2012;39.151493;2.94625;7
Muerto Cabrera;Mallorca;Illes Balears;Mediterranean Sea;Seagrass;Posidonia oceanica;Healthy;Intertidal;2012;39.1475;2.928957;17
Portocolom;Mallorca;Illes Balears;Mediterranean Sea;Seagrass;Posidonia oceanica;Healthy;Intertidal;2012;39.41737;3.267091;9
Es Castell;Cabrera;Illes Balears;Mediterranean Sea;Seagrass;Posidonia oceanica;Healthy;Intertidal;2012;39.152751;2.930537;5
Magalluf;Mallorca;Illes Balears;Mediterranean Sea;Seagrass;Posidonia oceanica;Healthy;Intertidal;2012;39.503734;2.543986;6
Cala DOr;Mallorca;Illes Balears;Mediterranean Sea;Seagrass;Posidonia oceanica;Healthy;Intertidal;2012;39.36912;3.231176;7
Soller;Mallorca;Illes Balears;Mediterranean Sea;Seagrass;Posidonia oceanica;Healthy;Intertidal;2012;39.794455;2.685135;11
Sta. Ponca;Mallorca;Illes Balears;Mediterranean Sea;Seagrass;Posidonia oceanica;Healthy;Intertidal;2012;39.513431;2.469364;5
Ses Illetes;Formentera;Illes Balears;Mediterranean Sea;Seagrass;Posidonia oceanica;Healthy;Intertidal;2012;38.755754;1.430297;5
Es Pujols;Formentera;Illes Balears;Mediterranean Sea;Seagrass;Posidonia oceanica;Healthy;Intertidal;2012;38.728375;1.454938;4
Santa Maria_13;Cabrera;Illes Balears;Mediterranean Sea;Seagrass;Posidonia oceanica;Healthy;Intertidal;2013;39.151513;2.946248;13
AZ;Bay of Santander;Cantabria;Cantabrian Sea;Seagrass;Mixed Seagrass;Healthy;Intertidal;2000;43.45277635;-3.76777407;
AZ;Bay of Santander;Cantabria;Cantabrian Sea;Seagrass;Mixed Seagrass;Healthy;Intertidal;2001;43.45277635;-3.76777407;
BZ;Bay of Santander;Cantabria;Cantabrian Sea;Seagrass;Zostera marina;Healthy;Intertidal;2000;43.4534311;-3.7699589;
BZ;Bay of Santander;Cantabria;Cantabrian Sea;Seagrass;Zostera marina;Healthy;Intertidal;2001;43.4534311;-3.7699589;
CZ;Bay of Santander;Cantabria;Cantabrian Sea;Seagrass;Mixed Seagrass;Healthy;Intertidal;2000;43.45539951;-3.77280733;
CZ;Bay of Santander;Cantabria;Cantabrian Sea;Seagrass;Mixed Seagrass;Healthy;Intertidal;2001;43.45539951;-3.77280733;
EZ;Bay of Santander;Cantabria;Cantabrian Sea;Seagrass;Zostera marina;Healthy;Intertidal;2000;43.45529212;-3.77125017;
EZ;Bay of Santander;Cantabria;Cantabrian Sea;Seagrass;Zostera marina;Healthy;Intertidal;2001;43.45529212;-3.77125017;
Azo;Bay of Santander;Cantabria;Cantabrian Sea;Seagrass;Zostera noltii;Healthy;Intertidal;2000;43.45268678;-3.76680565;
Azo;Bay of Santander;Cantabria;Cantabrian Sea;Seagrass;Zostera noltii;Healthy;Intertidal;2001;43.45268678;-3.76680565;
Czo;Bay of Santander;Cantabria;Cantabrian Sea;Seagrass;Zostera noltii;Healthy;Intertidal;2000;43.45383959;-3.77305566;
Czo;Bay of Santander;Cantabria;Cantabrian Sea;Seagrass;Zostera noltii;Healthy;Intertidal;2001;43.45383959;-3.77305566;
Dzo;Bay of Santander;Cantabria;Cantabrian Sea;Seagrass;Zostera noltii;Healthy;Intertidal;2000;43.45025715;-3.77115093;
Dzo;Bay of Santander;Cantabria;Cantabrian Sea;Seagrass;Zostera noltii;Healthy;Intertidal;2001;43.45025715;-3.77115093;
ria_de_vigo_a_ramallosa;Baiona;Galiza;Atlantic Ocean;Seagrass;Zostera noltii;Healthy;Intertidal;2014;42.1169;-8.82122;
carnota_caldebarcos;Carnota;Galiza;Atlantic Ocean;Seagrass;Zostera noltii;Healthy;Intertidal;2014;42.85078;-9.10897;
ria_de_pontevedra_lourizan;Pontevedra;Galiza;Atlantic Ocean;Seagrass;Zostera noltii;Degraded;Intertidal;2014;42.40827;-8.68171;
neda;neda;Galiza;Atlantic Ocean;Seagrass;Zostera noltii;Healthy;Intertidal;2015;43.49368;-8.16296;
cabanas;cabanas;Galiza;Atlantic Ocean;Seagrass;Zostera noltii;Degraded;Intertidal;2015;43.41379;-8.16426;
bergondo;bergondo;Galiza;Atlantic Ocean;Seagrass;Zostera noltii;Dead;Intertidal;2015;43.33374;-8.22369;
camari¤as;camari¤as;Galiza;Atlantic Ocean;Seagrass;Zostera noltii;Healthy;Intertidal;2015;43.14646;-9.16552;
rianxo;rianxo;Galiza;Atlantic Ocean;Seagrass;Zostera noltii;Healthy;Intertidal;2015;42.666;-8.82277;
o_grove;o_grove;Galiza;Atlantic Ocean;Seagrass;Zostera noltii;Healthy;Intertidal;2015;42.45638;-8.86707;
rio_maior;vilaboa;Galiza;Atlantic Ocean;Seagrass;Zostera noltii;Degraded;Intertidal;2015;42.32161;-8.64863;
arcade;soutomaior;Galiza;Atlantic Ocean;Seagrass;Zostera noltii;Degraded;Intertidal;2015;42.33681;-8.61281;
TC;Vigo;Galiza;Atlantic Ocean;Seagrass;Zostera marina;Control;Subtidal;1;42.202084;-8.798639;5
TB;Vigo;Galiza;Atlantic Ocean;Seagrass;Zostera marina;Degraded;Subtidal;1;42.202126;-8.798213;5
TP;Vigo;Galiza;Atlantic Ocean;Seagrass;Zostera marina;Degraded;Subtidal;1;42.201774;-8.797361;5
CC;Vigo;Galiza;Atlantic Ocean;Seagrass;Zostera marina;Control;Subtidal;1;42.195054;-8.797624;5
RF-ZN1;Ria Formosa;S Portugal;Atlantic Ocean;Seagrass;Zostera noltii;;Intertidal;2017;36.9844;-7.88896;
RF-ZN2;Ria Formosa;S Portugal;Atlantic Ocean;Seagrass;Zostera noltii;;Intertidal;2017;36.9884;-7.87642;
RF-ZN3;Ria Formosa;S Portugal;Atlantic Ocean;Seagrass;Zostera noltii;;Intertidal;2017;36.9974;-7.87984;
RF-ZN4;Ria Formosa;S Portugal;Atlantic Ocean;Seagrass;Zostera noltii;;Intertidal;2017;37.0029;-7.88439;
RF-SM1;Ria Formosa;S Portugal;Atlantic Ocean;Salt Marsh;Spartina maritima;;Low;2017;36.9833;-7.88896;
RF-SM2;Ria Formosa;S Portugal;Atlantic Ocean;Salt Marsh;Spartina maritima;;Low;2017;36.9888;-7.87572;
RF-SM3;Ria Formosa;S Portugal;Atlantic Ocean;Salt Marsh;Spartina maritima;;Low;2017;36.9974;-7.8797;
RF-SM4;Ria Formosa;S Portugal;Atlantic Ocean;Salt Marsh;Spartina maritima;;Low;2017;37.0029;-7.88439;
RF-FR1;Ria Formosa;S Portugal;Atlantic Ocean;Seagrass;Zostera noltii;;Intertidal;2019;37.01561764;-7.93801895;
RF-FR3;Ria Formosa;S Portugal;Atlantic Ocean;Seagrass;Zostera noltii;;Intertidal;2019;37.01851493;-7.94047569;
RF-FR5;Ria Formosa;S Portugal;Atlantic Ocean;Seagrass;Zostera noltii;;Intertidal;2019;37.017448;-7.941283;
RF-FR6;Ria Formosa;S Portugal;Atlantic Ocean;Seagrass;Zostera noltii;;Intertidal;2019;37.016429;-7.941404;
RF-001;Ria Formosa;S Portugal;Atlantic Ocean;Seagrass;Cymodocea nodosa;;Subtidal;2018;36.999007;-7.834146;
RF-002;Ria Formosa;S Portugal;Atlantic Ocean;Seagrass;Zostera noltii;;Intertidal;2009;37.00483;-7.967422;
RF-003;Ria Formosa;S Portugal;Atlantic Ocean;Seagrass;Zostera marina;;Subtidal;2014;37.00483;-7.967422;
RF-004;Ria Formosa;S Portugal;Atlantic Ocean;Seagrass;Zostera noltii;;Intertidal;1991;37.00483;-7.967422;
RF-005;Ria Formosa;S Portugal;Atlantic Ocean;Seagrass;Zostera noltii;;Intertidal;2002;37.003901;-7.968368;
RF-006;Ria Formosa;S Portugal;Atlantic Ocean;Seagrass;Zostera noltii;;Intertidal;2018;36.983;-7.88847;
RF-007;Ria Formosa;S Portugal;Atlantic Ocean;Salt Marsh;Spartina maritima;;Low;2018;36.983;-7.88847;
RF-008;Ria Formosa;S Portugal;Atlantic Ocean;Seagrass;Cymodocea nodosa;;Subtidal;2019;37.00303;-7.822264;
RF-009;Ria Formosa;S Portugal;Atlantic Ocean;Seagrass;Cymodocea nodosa;;Subtidal;1993;37.00303;-7.822264;
RF-010;Ria Formosa;S Portugal;Atlantic Ocean;Seagrass;Zostera marina;;Subtidal;2013;37.003805;-7.826651;
RF-CP;Ria Formosa;S Portugal;Atlantic Ocean;Seagrass;Zostera noltii;;Intertidal;2017;37.041472;-7.755381;
RF-M5;Ria Formosa;S Portugal;Atlantic Ocean;Seagrass;Zostera noltii;;Intertidal;2017;37.063022;-7.716375;
RF-M6;Ria Formosa;S Portugal;Atlantic Ocean;Seagrass;Zostera noltii;;Intertidal;2017;37.05801;-7.721456;
RF-M7;Ria Formosa;S Portugal;Atlantic Ocean;Seagrass;Zostera noltii;;Intertidal;2017;37.057474;-7.724957;
RF-M2;Ria Formosa;S Portugal;Atlantic Ocean;Seagrass;Zostera noltii;;Intertidal;2017;37.050169;-7.740667;
RF-M1;Ria Formosa;S Portugal;Atlantic Ocean;Seagrass;Cymodocea nodosa;;Subtidal;2017;37.048509;-7.74376;
RF-013;Ria Formosa;S Portugal;Atlantic Ocean;Seagrass;Zostera noltii;;Intertidal;2018;37.017753;-7.940408;
RF-014;Ria Formosa;S Portugal;Atlantic Ocean;Seagrass;Zostera noltii;;Intertidal;2018;37.017174;-7.940783;
RF-015;Ria Formosa;S Portugal;Atlantic Ocean;Seagrass;Zostera noltii;;Intertidal;2018;37.016339;-7.941197;
RF-016;Ria Formosa;S Portugal;Atlantic Ocean;Seagrass;Zostera noltii;;Intertidal;2018;37.01078;-7.932713;
RF-Sm1;Ria Formosa;S Portugal;Atlantic Ocean;Salt Marsh;Spartina maritima;;Low;2017;36.9828225;-7.8882475;
RF-Sm2;Ria Formosa;S Portugal;Atlantic Ocean;Salt Marsh;Spartina maritima;;Low;2017;36.9884052;-7.8754278;
RF-Sm3;Ria Formosa;S Portugal;Atlantic Ocean;Salt Marsh;Spartina maritima;;Low;2017;36.9977801;-7.8798423;
RF-Sm4;Ria Formosa;S Portugal;Atlantic Ocean;Salt Marsh;Spartina maritima;;Low;2017;37.0032501;-7.8848733;
RF-R1;Ria Formosa;S Portugal;Atlantic Ocean;Seagrass;Zostera noltii;;Intertidal;2010;37.004;-7.97;
RF-R2;Ria Formosa;S Portugal;Atlantic Ocean;Seagrass;Zostera noltii;;Intertidal;2010;36.983;-7.889;
RF-R3;Ria Formosa;S Portugal;Atlantic Ocean;Seagrass;Zostera noltii;;Intertidal;2010;36.987;-7.943;
RF-I1;Ria Formosa;S Portugal;Atlantic Ocean;Seagrass;Zostera noltii;;Intertidal;2010;37.019;-7.948;
RF-I2;Ria Formosa;S Portugal;Atlantic Ocean;Seagrass;Zostera noltii;;Intertidal;2010;37.016;-7.856;
RF-018;Ria Formosa;S Portugal;Atlantic Ocean;Salt Marsh;Spartina maritima;;Low;2019;37.018997;-7.941213;
RF-019;Ria Formosa;S Portugal;Atlantic Ocean;Salt Marsh;Spartina maritima;;Low;2019;37.018969;-7.941098;
RF-020;Ria Formosa;S Portugal;Atlantic Ocean;Salt Marsh;Spartina maritima;;Low;2019;37.0152467;-7.9376734;
RF-021;Ria Formosa;S Portugal;Atlantic Ocean;Salt Marsh;Spartina maritima;;Low;2019;37.0150518;-7.937553;
RF-022;Ria Formosa;S Portugal;Atlantic Ocean;Salt Marsh;Spartina maritima;;Low;2019;37.0149843;-7.9374826;
RF-023;Ria Formosa;S Portugal;Atlantic Ocean;Seagrass;Zostera noltii;;Intertidal;2019;37.0184513;-7.9405028;
RF-024;Ria Formosa;S Portugal;Atlantic Ocean;Seagrass;Zostera noltii;;Intertidal;2019;37.018442;-7.940426;
RF-025;Ria Formosa;S Portugal;Atlantic Ocean;Seagrass;Zostera noltii;;Intertidal;2019;37.0151085;-7.9377629;
RF-026;Ria Formosa;S Portugal;Atlantic Ocean;Seagrass;Zostera noltii;;Intertidal;2019;37.0150097;-7.9376626;
RF-027;Ria Formosa;S Portugal;Atlantic Ocean;Seagrass;Zostera noltii;;Intertidal;2019;37.0149918;-7.9375604;
RF-028;Ria Formosa;S Portugal;Atlantic Ocean;Seagrass;Mixed Seagrass;;Subtidal;2017;37.004;-7.825;
RF-029;Ria Formosa;S Portugal;Atlantic Ocean;Seagrass;Zostera noltii;;Intertidal;2020;37.002;-7.984;
RF-030;Ria Formosa;S Portugal;Atlantic Ocean;Seagrass;Zostera noltii;;Intertidal;2004;37.002;-7.984;
RF-031;Ria Formosa;S Portugal;Atlantic Ocean;Seagrass;Zostera noltii;;Intertidal;2002;37.012;-7.951;
RF-032;Ria Formosa;S Portugal;Atlantic Ocean;Seagrass;Zostera noltii;;Intertidal;2002;37.012;-7.951;
RF-033;Ria Formosa;S Portugal;Atlantic Ocean;Seagrass;Zostera noltii;;Intertidal;2002;37.012;-7.951;
RF-034;Ria Formosa;S Portugal;Atlantic Ocean;Seagrass;Zostera noltii;;Intertidal;2002;37.012;-7.951;
RF-037;Ria Formosa;S Portugal;Atlantic Ocean;Seagrass;Zostera noltii;;Intertidal;2000;37.012;-7.951;
RF-038;Ria Formosa;S Portugal;Atlantic Ocean;Seagrass;Zostera noltii;;Intertidal;2013;37.012;-7.951;
RF-039;Ria Formosa;S Portugal;Atlantic Ocean;Seagrass;Zostera noltii;;Intertidal;2013;37.012;-7.951;
RF-040;Ria Formosa;S Portugal;Atlantic Ocean;Salt Marsh;Spartina maritima;;Low;2017;37.012;-7.951;
RF-041;Ria Formosa;S Portugal;Atlantic Ocean;Seagrass;Zostera noltii;;Intertidal;2017;37.012;-7.951;
RF-042;Ria Formosa;S Portugal;Atlantic Ocean;Seagrass;Zostera marina;;Subtidal;2017;37.003457;-7.82991;
RF-043;Ria Formosa;S Portugal;Atlantic Ocean;Seagrass;Zostera noltii;;Intertidal;2004;37.005;-7.966;
RF-Zn1a-d;Ria Formosa;S Portugal;Atlantic Ocean;Seagrass;Zostera noltii;;Intertidal;2014;36.981939;-7.887635;
RF-Zn2a-d;Ria Formosa;S Portugal;Atlantic Ocean;Seagrass;Zostera noltii;;Intertidal;2014;36.988449;-7.875326;
RF-Zn3a-d;Ria Formosa;S Portugal;Atlantic Ocean;Seagrass;Zostera noltii;;Intertidal;2014;36.998904;-7.879049;
RF-Zn4a-d;Ria Formosa;S Portugal;Atlantic Ocean;Seagrass;Zostera noltii;;Intertidal;2014;37.0021;-7.881542;
RF-Sm1a-d;Ria Formosa;S Portugal;Atlantic Ocean;Salt Marsh;Spartina maritima;;Low;2014;36.982817;-7.888203;
RF-Sm2a-d;Ria Formosa;S Portugal;Atlantic Ocean;Salt Marsh;Spartina maritima;;Low;2014;36.988441;-7.875483;
RF-Sm3a-d;Ria Formosa;S Portugal;Atlantic Ocean;Salt Marsh;Spartina maritima;;Low;2014;36.998853;-7.879387;
RF-Sm4a-d;Ria Formosa;S Portugal;Atlantic Ocean;Salt Marsh;Spartina maritima;;Low;2014;37.002036;-7.881408;
RF-Zn1grad;Ria Formosa;S Portugal;Atlantic Ocean;Seagrass;Zostera noltii;;Intertidal;2017;36.981939;-7.887635;
RF-Sm1grad;Ria Formosa;S Portugal;Atlantic Ocean;Salt Marsh;Spartina maritima;;Low;2017;36.988449;-7.875326;
RF-Zn2grad;Ria Formosa;S Portugal;Atlantic Ocean;Seagrass;Zostera noltii;;Intertidal;2017;36.998904;-7.879049;
RF-Sm2grad;Ria Formosa;S Portugal;Atlantic Ocean;Salt Marsh;Spartina maritima;;Low;2017;37.0021;-7.881542;
RF-Zn3grad;Ria Formosa;S Portugal;Atlantic Ocean;Seagrass;Zostera noltii;;Intertidal;2017;36.982817;-7.888203;
RF-Sm3grad;Ria Formosa;S Portugal;Atlantic Ocean;Salt Marsh;Spartina maritima;;Low;2017;36.988441;-7.875483;
RF-Zn4grad;Ria Formosa;S Portugal;Atlantic Ocean;Seagrass;Zostera noltii;;Intertidal;2017;36.998853;-7.879387;
RF-Sm4grad;Ria Formosa;S Portugal;Atlantic Ocean;Seagrass;Zostera noltii;;Intertidal;2017;37.002036;-7.881408;
EST;Estany Menorca;Illes Balears;Mediterranean Sea;Seagrass;Posidonia oceanica;Healthy;Subtidal;2021;40.013233;4.2039;1
LM;La Mola Menorca;Illes Balears;Mediterranean Sea;Seagrass;Cymodocea nodosa;Healthy;Subtidal;2021;39.879436;4.308224;0.5
SN_Posi;Sa Nitja Menorca;Illes Balears;Mediterranean Sea;Seagrass;Posidonia oceanica;Healthy;Subtidal;2021;40.07135;4.087433;1
SN_Cymo;Sa Nitja Menorca;Illes Balears;Mediterranean Sea;Seagrass;Posidonia oceanica;Healthy;Subtidal;2021;40.071661;4.088314;0.5
GRAM_7;Golf Roses;Catalunya;Mediterranean Sea;Seagrass;Cymodocea nodosa;Healthy;Subtidal;2021;42.158083;3.120033;7
GRAM_17.5_B;Golf Roses;Catalunya;Mediterranean Sea;Seagrass;Unvegetated Seagrass;Healthy;Subtidal;2021;42.158083;3.120033;17.5
GRAM_14;Golf Roses;Catalunya;Mediterranean Sea;Seagrass;Cymodocea nodosa;Healthy;Subtidal;2021;42.158083;3.120033;14
GRAM_6_B;Golf Roses;Catalunya;Mediterranean Sea;Seagrass;Unvegetated Seagrass;Healthy;Subtidal;2021;42.158083;3.120033;6
GRAM_4.5_B;Golf Roses;Catalunya;Mediterranean Sea;Seagrass;Unvegetated Seagrass;Healthy;Subtidal;2021;42.158083;3.120033;4.5
GRAM_6.5;Golf Roses;Catalunya;Mediterranean Sea;Seagrass;Cymodocea nodosa;Healthy;Subtidal;2021;42.158083;3.120033;6.5
GRAM_15_B;Golf Roses;Catalunya;Mediterranean Sea;Seagrass;Unvegetated Seagrass;Healthy;Subtidal;2021;42.158083;3.120033;15
GRAM_14_2;Golf Roses;Catalunya;Mediterranean Sea;Seagrass;Cymodocea nodosa;Healthy;Subtidal;2021;42.158083;3.120033;14
GRAM_8.3;Golf Roses;Catalunya;Mediterranean Sea;Seagrass;Posidonia oceanica;Healthy;Subtidal;2021;42.158083;3.120033;8.3
GRAM_8;Golf Roses;Catalunya;Mediterranean Sea;Seagrass;Cymodocea nodosa;Healthy;Subtidal;2021;42.158083;3.120033;8
GRAM_6.8_B;Golf Roses;Catalunya;Mediterranean Sea;Seagrass;Unvegetated Seagrass;Healthy;Subtidal;2021;42.158083;3.120033;6.8
Oka_00;Oka Estuary;Euskal Herria;Cantabrian Sea;Seagrass;Unvegetated Seagrass;Control;Intertidal;2022;43.381521;-2.679311;0
Oka_01;Oka Estuary;Euskal Herria;Cantabrian Sea;Seagrass;Zostera noltii;Healthy;Intertidal;2022;43.381056;-2.679289;0
Oka_02;Oka Estuary;Euskal Herria;Cantabrian Sea;Seagrass;Zostera noltii;Healthy;Intertidal;2022;43.380281;-2.67898;0
Arenal;Arenal de Son Saura;Illes Balears;Mediterranean Sea;Seagrass;Posidonia oceanica;Healthy;Subtidal;2006;39.92575;3.893666667;
Biniancolla;Biniancolla;Illes Balears;Mediterranean Sea;Seagrass;Posidonia oceanica;Healthy;Subtidal;2009;39.8035;4.267333;
Cala Blanca;Cala Blanca;Illes Balears;Mediterranean Sea;Seagrass;Posidonia oceanica;Healthy;Subtidal;2009;39.9625;3.828833;
Cala Deia;Cala Dei ;Illes Balears;Mediterranean Sea;Seagrass;Posidonia oceanica;Healthy;Subtidal;2008;39.762772;2.642469;
Cala DOr;Cala D'Or;Illes Balears;Mediterranean Sea;Seagrass;Posidonia oceanica;Healthy;Subtidal;2008;39.3694;3.23145;
Cala Es Grau;Cala Es Grau;Illes Balears;Mediterranean Sea;Seagrass;Posidonia oceanica;Healthy;Subtidal;2009;39.935278;4.285278;
Cala Figuera;Cala Figuera (Portals Vells);Illes Balears;Mediterranean Sea;Seagrass;Posidonia oceanica;Healthy;Subtidal;2008;39.478075;2.526575;
Cala Galdana;Cala Galdana;Illes Balears;Mediterranean Sea;Seagrass;Posidonia oceanica;Healthy;Subtidal;2009;39.93601;3.954247;
Cala Gamba;Cala Gamba;Illes Balears;Mediterranean Sea;Seagrass;Posidonia oceanica;Healthy;Subtidal;2008;39.5425;2.696217;
Cala Llentisca;Cala Llentisca;Illes Balears;Mediterranean Sea;Seagrass;Posidonia oceanica;Healthy;Subtidal;2006;38.8662;1.256933333;
Cala Llenya;Cala Llenya;Illes Balears;Mediterranean Sea;Seagrass;Posidonia oceanica;Healthy;Subtidal;2009;39.027917;1.606567;
Cala Llonga;Cala Llonga;Illes Balears;Mediterranean Sea;Seagrass;Posidonia oceanica;Healthy;Subtidal;2008;38.9515;1.524;
Cala Marmacen;Cala Marmac‚n;Illes Balears;Mediterranean Sea;Seagrass;Posidonia oceanica;Healthy;Subtidal;2008;39.536333;2.376217;
Cala Matzoc;Cala Matzoc;Illes Balears;Mediterranean Sea;Seagrass;Posidonia oceanica;Healthy;Subtidal;2006;39.75833333;3.405;
Cala Millor;Cala Millor;Illes Balears;Mediterranean Sea;Seagrass;Posidonia oceanica;Healthy;Subtidal;2008;39.600633;3.390167;
Cala Mondrago;Cala Mondrag¢;Illes Balears;Mediterranean Sea;Seagrass;Posidonia oceanica;Healthy;Subtidal;2008;39.35085;3.1932;
Cala Morell;Cala Morell;Illes Balears;Mediterranean Sea;Seagrass;Posidonia oceanica;Healthy;Subtidal;2009;40.055029;3.870895;
Cala Murta;Cala Murta- Formentor;Illes Balears;Mediterranean Sea;Seagrass;Posidonia oceanica;Healthy;Subtidal;2005;39.93916667;3.184;
Cala Ratjada;Cala Ratjada;Illes Balears;Mediterranean Sea;Seagrass;Posidonia oceanica;Healthy;Subtidal;2009;39.711283;3.472433;
Cala Sahona;Cala Sahona-Pta Rosa;Illes Balears;Mediterranean Sea;Seagrass;Posidonia oceanica;Healthy;Subtidal;2006;38.69166667;1.38;
Cala Tamida;Cala Tamida;Illes Balears;Mediterranean Sea;Seagrass;Posidonia oceanica;Healthy;Subtidal;2006;38.94058333;1.23225;
Cala Tarida;Cala Tarida;Illes Balears;Mediterranean Sea;Seagrass;Posidonia oceanica;Healthy;Subtidal;2009;38.940583;1.23225;
Cala Torreta;Cala Torreta;Illes Balears;Mediterranean Sea;Seagrass;Posidonia oceanica;Healthy;Subtidal;2008;38.7909;1.41965;
Cala Tuent;Cala Tuent;Illes Balears;Mediterranean Sea;Seagrass;Posidonia oceanica;Healthy;Subtidal;2009;39.840463;2.772332;
Cala n Porter;Cala'n Porter;Illes Balears;Mediterranean Sea;Seagrass;Posidonia oceanica;Healthy;Subtidal;2009;39.866166;4.131468;
Cales Coves;Cales Coves;Illes Balears;Mediterranean Sea;Seagrass;Posidonia oceanica;Healthy;Subtidal;2006;39.86355556;4.143801932;
Can Picafort;Can Picafort;Illes Balears;Mediterranean Sea;Seagrass;Posidonia oceanica;Healthy;Subtidal;2009;39.768072;3.156935;
Cap Blanc;Cap Blanc;Illes Balears;Mediterranean Sea;Seagrass;Posidonia oceanica;Healthy;Subtidal;2009;38.674284;0.11214;
Cap de Menorca;Cap de Menorca;Illes Balears;Mediterranean Sea;Seagrass;Posidonia oceanica;Healthy;Subtidal;2009;39.862655;3.195581;
Cap Enderrocat;Cap Enderrocat;Illes Balears;Mediterranean Sea;Seagrass;Posidonia oceanica;Healthy;Subtidal;2009;39.475298;2.716908;
Cap Formentor;Cap Formentor;Illes Balears;Mediterranean Sea;Seagrass;Posidonia oceanica;Healthy;Subtidal;2009;39.957888;3.196037;
Cap Llentrisca;Cap Llentrisca;Illes Balears;Mediterranean Sea;Seagrass;Posidonia oceanica;Healthy;Subtidal;2009;38.864588;1.242047;
Cap Mussons;Cap Mussons;Illes Balears;Mediterranean Sea;Seagrass;Posidonia oceanica;Healthy;Subtidal;2009;39.07328;1.35719;
Cap Negret;Cap Negret;Illes Balears;Mediterranean Sea;Seagrass;Posidonia oceanica;Healthy;Subtidal;2009;38.996319;1.284608;
Cap Pentinat;Cap Pentinat;Illes Balears;Mediterranean Sea;Seagrass;Posidonia oceanica;Healthy;Subtidal;2006;40.03438333;4.168516667;
Cap Pinar;Cap Pinar;Illes Balears;Mediterranean Sea;Seagrass;Posidonia oceanica;Healthy;Subtidal;2008;39.886006;3.181933;
Colonia Sant Jordi;Colonia de Sant Jordi;Illes Balears;Mediterranean Sea;Seagrass;Posidonia oceanica;Healthy;Subtidal;2005;39.31106667;2.999333333;
Dragonera;Dragonera;Illes Balears;Mediterranean Sea;Seagrass;Posidonia oceanica;Healthy;Subtidal;2008;39.588277;2.316791;
El Toro;El Toro;Illes Balears;Mediterranean Sea;Seagrass;Posidonia oceanica;Healthy;Subtidal;2008;39.463044;2.470758;
Es Calo;Es Cal¢;Illes Balears;Mediterranean Sea;Seagrass;Posidonia oceanica;Healthy;Subtidal;2008;39.758061;3.319967;
Es Caragol;Es Caragol-Cap de Salines;Illes Balears;Mediterranean Sea;Seagrass;Posidonia oceanica;Healthy;Subtidal;2008;39.273233;3.041267;
Es Castell ;Es Castell ;Illes Balears;Mediterranean Sea;Seagrass;Posidonia oceanica;Healthy;Subtidal;2005;39.15266667;2.93;
Es Figueral;Es Figueral;Illes Balears;Mediterranean Sea;Seagrass;Posidonia oceanica;Healthy;Subtidal;2006;39.05598333;1.5959;
Es Pujols;Es Pujols;Illes Balears;Mediterranean Sea;Seagrass;Posidonia oceanica;Healthy;Subtidal;2008;38.725262;1.457379;
Fornells;Fornells;Illes Balears;Mediterranean Sea;Seagrass;Posidonia oceanica;Healthy;Subtidal;2009;40.056467;4.137733;
Hotel Delta;Hotel Delta;Illes Balears;Mediterranean Sea;Seagrass;Posidonia oceanica;Healthy;Subtidal;2009;39.449042;2.74003;
Illa de Formentor;Illa de Formentor;Illes Balears;Mediterranean Sea;Seagrass;Posidonia oceanica;Healthy;Subtidal;2008;39.920878;3.149217;
Illa Des Colom;Illa Des Colom;Illes Balears;Mediterranean Sea;Seagrass;Posidonia oceanica;Healthy;Subtidal;2006;39.962;4.273164251;
Illes Bledes;Illes Bledes;Illes Balears;Mediterranean Sea;Seagrass;Posidonia oceanica;Healthy;Subtidal;2009;39.922035;3.056721;
Illetas;Illetas- Calvi ;Illes Balears;Mediterranean Sea;Seagrass;Posidonia oceanica;Healthy;Subtidal;2005;39.53506667;2.5927;
Illetes formentera;Illetes formentera;Illes Balears;Mediterranean Sea;Seagrass;Posidonia oceanica;Healthy;Subtidal;2008;38.756083;1.430467;
Illetes Mallorca;Illetes Mallorca;Illes Balears;Mediterranean Sea;Seagrass;Posidonia oceanica;Healthy;Subtidal;2008;39.541214;2.595811;
Isla del Aire;Isla del Aire;Illes Balears;Mediterranean Sea;Seagrass;Posidonia oceanica;Healthy;Subtidal;2006;39.80453333;4.291566667;
Islas Bledas;Islas Bledas;Illes Balears;Mediterranean Sea;Seagrass;Posidonia oceanica;Healthy;Subtidal;2006;40.06666667;4.025;
LOlla;L'Olla;Illes Balears;Mediterranean Sea;Seagrass;Posidonia oceanica;Healthy;Subtidal;2006;39.83346667;3.145783333;
Magalluf;Magalluf;Illes Balears;Mediterranean Sea;Seagrass;Posidonia oceanica;Healthy;Subtidal;2005;39.50416667;2.543166667;
Mondrago;Mondrag¢;Illes Balears;Mediterranean Sea;Seagrass;Posidonia oceanica;Healthy;Subtidal;2006;39.35085;3.1932;
Platja de Ses Salines;Platja de Ses Salines;Illes Balears;Mediterranean Sea;Seagrass;Posidonia oceanica;Healthy;Subtidal;2008;38.838411;1.393294;
Platja den Bossa;Platja den Bossa;Illes Balears;Mediterranean Sea;Seagrass;Posidonia oceanica;Healthy;Subtidal;2008;38.874667;1.406833;
Platja des Mitjorn;Platja des Mitjorn;Illes Balears;Mediterranean Sea;Seagrass;Posidonia oceanica;Healthy;Subtidal;2008;38.684001;1.462358;
Pollenca;Pollen‡a;Illes Balears;Mediterranean Sea;Seagrass;Posidonia oceanica;Healthy;Subtidal;2008;39.903713;3.09124;
Port Dalcudia;Port D'alcudia;Illes Balears;Mediterranean Sea;Seagrass;Posidonia oceanica;Healthy;Subtidal;2006;39.8169;3.145783333;
Port de Mao;Port de Mah¢;Illes Balears;Mediterranean Sea;Seagrass;Posidonia oceanica;Healthy;Subtidal;2006;39.87155;4.31255;
Port de Soller;Port de S¢ller;Illes Balears;Mediterranean Sea;Seagrass;Posidonia oceanica;Healthy;Subtidal;2008;39.794347;2.684589;
Portals Vells;Portals Vells;Illes Balears;Mediterranean Sea;Seagrass;Posidonia oceanica;Healthy;Subtidal;2006;39.475;2.521666667;
Porto Colom;Porto Colom;Illes Balears;Mediterranean Sea;Seagrass;Posidonia oceanica;Healthy;Subtidal;2008;39.417533;3.269717;
Porto Cristo;Porto Cristo;Illes Balears;Mediterranean Sea;Seagrass;Posidonia oceanica;Healthy;Subtidal;2009;39.535433;3.338933;
Pta Sa Creu;Pta Sa Creu (Formentera);Illes Balears;Mediterranean Sea;Seagrass;Posidonia oceanica;Healthy;Subtidal;2006;38.68955;1.543783333;
Punta de Sa Creu;Punta de Sa Creu;Illes Balears;Mediterranean Sea;Seagrass;Posidonia oceanica;Healthy;Subtidal;2008;38.691105;1.569986;
Punta Dels Andreus;Punta Dels Andreus;Illes Balears;Mediterranean Sea;Seagrass;Posidonia oceanica;Healthy;Subtidal;2006;38.91448333;1.476516667;
Punta den Valls;Punta den Valls;Illes Balears;Mediterranean Sea;Seagrass;Posidonia oceanica;Healthy;Subtidal;2009;39.05598333;1.5959;
Punta Des Gat;Punta des Gat;Illes Balears;Mediterranean Sea;Seagrass;Posidonia oceanica;Healthy;Subtidal;2009;38.680254;1.535137;
Punta dets Andreus;Punta dets Andreus;Illes Balears;Mediterranean Sea;Seagrass;Posidonia oceanica;Healthy;Subtidal;2008;38.91343;1.458563;
Punta Galinda;Punta Galinda;Illes Balears;Mediterranean Sea;Seagrass;Posidonia oceanica;Healthy;Subtidal;2008;39.580681;2.348546;
Punta Llobera;Punta Llobera;Illes Balears;Mediterranean Sea;Seagrass;Posidonia oceanica;Healthy;Subtidal;2009;39.408848;2.735785;
Punta Rasa;Punta Rasa;Illes Balears;Mediterranean Sea;Seagrass;Posidonia oceanica;Healthy;Subtidal;2008;38.692563;1.377807;
Punta Sa Creu;Punta Sa Creu;Illes Balears;Mediterranean Sea;Seagrass;Posidonia oceanica;Healthy;Subtidal;2009;38.691134;1.570002;
SAlgar;S'Algar;Illes Balears;Mediterranean Sea;Seagrass;Posidonia oceanica;Healthy;Subtidal;2009;39.83478;4.305484;
Sant Antoni;Sant Antoni;Illes Balears;Mediterranean Sea;Seagrass;Posidonia oceanica;Healthy;Subtidal;2009;38.979925;1.292944;
Santa Eulalia;Santa Eulalia;Illes Balears;Mediterranean Sea;Seagrass;Posidonia oceanica;Healthy;Subtidal;2005;38.98416667;1.541833333;
Santa Maria;Santa Mar¡a - Cabrera;Illes Balears;Mediterranean Sea;Seagrass;Posidonia oceanica;Healthy;Subtidal;2005;39.15116667;2.948666667;
Santa Ponca;Santa Pon‡a;Illes Balears;Mediterranean Sea;Seagrass;Posidonia oceanica;Healthy;Subtidal;2008;39.495087;2.460815;
SArenal de SOlla;S'Arenal de S'Olla;Illes Balears;Mediterranean Sea;Seagrass;Posidonia oceanica;Healthy;Subtidal;2009;39.496727;3.297568;
SArenal de Son Saura;S'Arenal de Son Saura;Illes Balears;Mediterranean Sea;Seagrass;Posidonia oceanica;Healthy;Subtidal;2009;39.927469;3.89235;
Ses Balandres;Ses Balandres;Illes Balears;Mediterranean Sea;Seagrass;Posidonia oceanica;Healthy;Subtidal;2005;39.03655;1.323166667;
Ses Illetas;Ses Illetas -  Formentera;Illes Balears;Mediterranean Sea;Seagrass;Posidonia oceanica;Healthy;Subtidal;2005;38.75608333;1.430466667;
Ses Penyes;Ses Penyes;Illes Balears;Mediterranean Sea;Seagrass;Posidonia oceanica;Healthy;Subtidal;2009;39.867597;4.087032;
Ses Salinas;Ses Salinas;Illes Balears;Mediterranean Sea;Seagrass;Posidonia oceanica;Healthy;Subtidal;2006;39.277;3.040816667;
Sestany Den Mas;S'estany D'en Mas;Illes Balears;Mediterranean Sea;Seagrass;Posidonia oceanica;Healthy;Subtidal;2006;39.51666667;2.315;
SEstanyol;S'Estanyol;Illes Balears;Mediterranean Sea;Seagrass;Posidonia oceanica;Healthy;Subtidal;2008;39.360015;2.920541;
Son Serra de Marina;Son Serra de Marina;Illes Balears;Mediterranean Sea;Seagrass;Posidonia oceanica;Healthy;Subtidal;2008;39.744711;3.234025;
Son Veri;Son Ver¡;Illes Balears;Mediterranean Sea;Seagrass;Posidonia oceanica;Healthy;Subtidal;2008;39.493101;2.735699;
Talamanca;Talamanca;Illes Balears;Mediterranean Sea;Seagrass;Posidonia oceanica;Healthy;Subtidal;2008;38.913939;1.455359;
SS_1_22;Ensenada San Sim¢n;Galiza;Atlantic Ocean;Seagrass;Zostera marina;Healthy;Intertidal;2022;42.306211;-8.621691;0
SS_2_22;Ensenada San Sim¢n;Galiza;Atlantic Ocean;Seagrass;Zostera marina;Healthy;Intertidal;2022;42.306211;-8.621691;0
SS_3_22;Ensenada San Sim¢n;Galiza;Atlantic Ocean;Seagrass;Zostera marina;Healthy;Intertidal;2022;42.306211;-8.621691;0
SS_4_22;Ensenada San Sim¢n;Galiza;Atlantic Ocean;Seagrass;Zostera marina;Healthy;Intertidal;2022;42.306211;-8.621691;0
PLL22_CB_C;Cala bona cap de creus;Catalunya;Mediterranean Sea;Seagrass;Cymodocea nodosa;Healthy;Subtidal;2022;42.312967;3.306228;1
PLL22_CJ;Cala Junquet Cap de Creus;Catalunya;Mediterranean Sea;Seagrass;Posidonia oceanica;Healthy;Subtidal;2022;42.303025;3.288921;4
PLL22_CJ_Z;Cala Junquet Cap de Creus;Catalunya;Mediterranean Sea;Seagrass;Zostera noltii;Healthy;Subtidal;2022;42.303025;3.288921;3
PLL22_CC_PS;Cala Culip Cap de Creus;Catalunya;Mediterranean Sea;Seagrass;Posidonia oceanica;Healthy;Subtidal;2022;42.324401;3.30966;5
PLL22_CC_PD;Cala Culip Cap de Creus;Catalunya;Mediterranean Sea;Seagrass;Posidonia oceanica;Healthy;Subtidal;2022;42.324401;3.30966;23
PLL22_PZ;Portlligat Cap de Creus;Catalunya;Mediterranean Sea;Seagrass;Zostera noltii;Healthy;Subtidal;2022;42.290756;3.289542;2
PLL22_PP;Portlligat Cap de Creus;Catalunya;Mediterranean Sea;Seagrass;Posidonia oceanica;Healthy;Subtidal;2022;42.290756;3.289542;3
Fangar;Delta Ebre;Catalunya;Mediterranean Sea;Salt Marsh;Salicornia;Healthy;Microtidal;2022;40.762719;0.76145;0
Encanyissada1;Delta del Ebre;Catalunya;Mediterranean Sea;Salt Marsh;Juncus acutus;Grazing land;Microtidal;2019;40.654444;0.637892;0
ERMS T. ;Delta del Ebre;Catalunya;Mediterranean Sea;Salt Marsh;Sarcocornia;Grazing land;Microtidal;2019;40.655361;0.767817;0
ME_Ph;Minho Estuary;N Portugal;Atlantic Ocean;Salt Marsh;Phragmites australis;Healthy;High;2022;41.873217;-8.827573;
ME_Sm;Minho Estuary;N Portugal;Atlantic Ocean;Salt Marsh;Scirpus maritimus;Healthy;Low;2022;41.873217;-8.827573;
ME_J;Minho Estuary;N Portugal;Atlantic Ocean;Salt Marsh;Juncos maritimus;Healthy;Low;2022;41.873217;-8.827573;
ME_B;Minho Estuary;N Portugal;Atlantic Ocean;Salt Marsh;Unvegetated Salt Marsh;Healthy;Low;2022;41.873217;-8.827573;
ME_Sp;Minho Estuary;N Portugal;Atlantic Ocean;Salt Marsh;Spartina patens;Healthy;Medium;2022;41.873217;-8.827573;
ME_Phf;Minho Estuary;N Portugal;Atlantic Ocean;Salt Marsh;Phragmites australis;Healthy;High;2022;41.873217;-8.827573;
ME_Smf;Minho Estuary;N Portugal;Atlantic Ocean;Salt Marsh;Scirpus maritimus;Healthy;Low;2022;41.873217;-8.827573;
ME_Jf;Minho Estuary;N Portugal;Atlantic Ocean;Salt Marsh;Juncos maritimus;Healthy;Low;2022;41.873217;-8.827573;
ME_Spf;Minho Estuary;N Portugal;Atlantic Ocean;Salt Marsh;Spartina patens;Healthy;Medium;2022;41.873217;-8.827573;
Barra salt marshNAAp;Barra;C Portugal;Atlantic Ocean;Salt Marsh;Atriplex portulacoides;;Medium;;40.636488;-8.740388;
Barra salt marshNAJm;Barra;C Portugal;Atlantic Ocean;Salt Marsh;Juncus maritimus;;Medium;;40.636488;-8.740388;
Barra salt marshNASm;Barra;C Portugal;Atlantic Ocean;Salt Marsh;Sporobolus maritimus;;Low;;40.636488;-8.740388;
Barra salt marshNASp;Barra;C Portugal;Atlantic Ocean;Salt Marsh;Salicornia perennis;;Low;;40.636488;-8.740388;
Canal de Mira11Ap;Canal de Mira;C Portugal;Atlantic Ocean;Salt Marsh;Atriplex portulacoides;;Medium;;40.596614;-8.746739;
Canal de Mira11Sm;Canal de Mira;C Portugal;Atlantic Ocean;Salt Marsh;Sporobolus maritimus;;Low;;40.596614;-8.746739;
Canal de Mira1Ap;Canal de Mira;C Portugal;Atlantic Ocean;Salt Marsh;Atriplex portulacoides;;Medium;;40.596614;-8.746739;
Canal de Mira1Sm;Canal de Mira;C Portugal;Atlantic Ocean;Salt Marsh;Sporobolus maritimus;;Low;;40.596614;-8.746739;
Canal de Mira4Ap;Canal de Mira;C Portugal;Atlantic Ocean;Salt Marsh;Atriplex portulacoides;;Medium;;40.596614;-8.746739;
Canal de Mira4Sm;Canal de Mira;C Portugal;Atlantic Ocean;Salt Marsh;Sporobolus maritimus;;Low;;40.596614;-8.746739;
Canal de Mira6Ap;Canal de Mira;C Portugal;Atlantic Ocean;Salt Marsh;Atriplex portulacoides;;Medium;;40.596614;-8.746739;
Canal de Mira6Sm;Canal de Mira;C Portugal;Atlantic Ocean;Salt Marsh;Sporobolus maritimus;;Low;;40.596614;-8.746739;
Castro Marim (unspecified)NAAp;Castro Marim;S Portugal;Atlantic Ocean;Salt Marsh;Atriplex portulacoides;;Medium;;37.216693;-7.428161;
Castro Marim (unspecified)NALm;Castro Marim;S Portugal;Atlantic Ocean;Salt Marsh;Limoniastrum monopetalum;;High;;37.216693;-7.428161;
Corroios10Ap;Corroios;S Portugal;Atlantic Ocean;Salt Marsh;Atriplex portulacoides;;Medium;;38.646632;-9.131159;
Corroios10Sm;Corroios;S Portugal;Atlantic Ocean;Salt Marsh;Sporobolus maritimus;;Low;;38.646632;-9.131159;
Corroios11Sm;Corroios;S Portugal;Atlantic Ocean;Salt Marsh;Sporobolus maritimus;;Low;;38.646632;-9.131159;
Corroios12Ap;Corroios;S Portugal;Atlantic Ocean;Salt Marsh;Atriplex portulacoides;;Medium;;38.646632;-9.131159;
Corroios12Sm;Corroios;S Portugal;Atlantic Ocean;Salt Marsh;Sporobolus maritimus;;Low;;38.646632;-9.131159;
Corroios1Sm;Corroios;S Portugal;Atlantic Ocean;Salt Marsh;Sporobolus maritimus;;Low;;38.646632;-9.131159;
Corroios2Ap;Corroios;S Portugal;Atlantic Ocean;Salt Marsh;Atriplex portulacoides;;Medium;;38.646632;-9.131159;
Corroios2Sm;Corroios;S Portugal;Atlantic Ocean;Salt Marsh;Sporobolus maritimus;;Low;;38.646632;-9.131159;
Corroios3Sm;Corroios;S Portugal;Atlantic Ocean;Salt Marsh;Sporobolus maritimus;;Low;;38.646632;-9.131159;
Corroios4Ap;Corroios;S Portugal;Atlantic Ocean;Salt Marsh;Atriplex portulacoides;;Medium;;38.646632;-9.131159;
Corroios4Sm;Corroios;S Portugal;Atlantic Ocean;Salt Marsh;Sporobolus maritimus;;Low;;38.646632;-9.131159;
Corroios5Sm;Corroios;S Portugal;Atlantic Ocean;Salt Marsh;Sporobolus maritimus;;Low;;38.646632;-9.131159;
Corroios6Ap;Corroios;S Portugal;Atlantic Ocean;Salt Marsh;Atriplex portulacoides;;Medium;;38.646632;-9.131159;
Corroios6Sm;Corroios;S Portugal;Atlantic Ocean;Salt Marsh;Sporobolus maritimus;;Low;;38.646632;-9.131159;
Corroios7Sm;Corroios;S Portugal;Atlantic Ocean;Salt Marsh;Sporobolus maritimus;;Low;;38.646632;-9.131159;
Corroios8Ap;Corroios;S Portugal;Atlantic Ocean;Salt Marsh;Atriplex portulacoides;;Medium;;38.646632;-9.131159;
Corroios8Sm;Corroios;S Portugal;Atlantic Ocean;Salt Marsh;Sporobolus maritimus;;Low;;38.646632;-9.131159;
Corroios9Sm;Corroios;S Portugal;Atlantic Ocean;Salt Marsh;Sporobolus maritimus;;Low;;38.646632;-9.131159;
Esteiro das Lez¡rias10Am;Esteiro das Lez¡rias;S Portugal;Atlantic Ocean;Salt Marsh;Arthrocaulon macrostachyum;;Medium;;37.215229;-7.420435;
Esteiro das Lez¡rias10Smon;Esteiro das Lez¡rias;S Portugal;Atlantic Ocean;Salt Marsh;Sporobolus montevidensis;;Low;;37.215229;-7.420435;
Esteiro das Lez¡rias1Am;Esteiro das Lez¡rias;S Portugal;Atlantic Ocean;Salt Marsh;Arthrocaulon macrostachyum;;Medium;;37.215229;-7.420435;
Esteiro das Lez¡rias1Smon;Esteiro das Lez¡rias;S Portugal;Atlantic Ocean;Salt Marsh;Sporobolus montevidensis;;Low;;37.215229;-7.420435;
Esteiro das Lez¡rias4Am;Esteiro das Lez¡rias;S Portugal;Atlantic Ocean;Salt Marsh;Arthrocaulon macrostachyum;;Medium;;37.215229;-7.420435;
Esteiro das Lez¡rias4Smon;Esteiro das Lez¡rias;S Portugal;Atlantic Ocean;Salt Marsh;Sporobolus montevidensis;;Low;;37.215229;-7.420435;
Esteiro das Lez¡rias7Am;Esteiro das Lez¡rias;S Portugal;Atlantic Ocean;Salt Marsh;Arthrocaulon macrostachyum;;Medium;;37.215229;-7.420435;
Esteiro das Lez¡rias7Smon;Esteiro das Lez¡rias;S Portugal;Atlantic Ocean;Salt Marsh;Sporobolus montevidensis;;Low;;37.215229;-7.420435;
Laranjo basin11Bm;Laranjo basin;C Portugal;Atlantic Ocean;Salt Marsh;Bolboschoenus maritimus;;Medium;;40.7253;-8.625304;
Laranjo basin11Jm;Laranjo basin;C Portugal;Atlantic Ocean;Salt Marsh;Juncus maritimus;;Medium;;40.7253;-8.625304;
Laranjo basin1Bm;Laranjo basin;C Portugal;Atlantic Ocean;Salt Marsh;Bolboschoenus maritimus;;Medium;;40.7253;-8.625304;
Laranjo basin1Jm;Laranjo basin;C Portugal;Atlantic Ocean;Salt Marsh;Juncus maritimus;;Medium;;40.7253;-8.625304;
Laranjo basin3Bm;Laranjo basin;C Portugal;Atlantic Ocean;Salt Marsh;Bolboschoenus maritimus;;Medium;;40.7253;-8.625304;
Laranjo basin3Jm;Laranjo basin;C Portugal;Atlantic Ocean;Salt Marsh;Juncus maritimus;;Medium;;40.7253;-8.625304;
Laranjo basin5Bm;Laranjo basin;C Portugal;Atlantic Ocean;Salt Marsh;Bolboschoenus maritimus;;Medium;;40.7253;-8.625304;
Laranjo basin5Jm;Laranjo basin;C Portugal;Atlantic Ocean;Salt Marsh;Juncus maritimus;;Medium;;40.7253;-8.625304;
Laranjo basin7Bm;Laranjo basin;C Portugal;Atlantic Ocean;Salt Marsh;Bolboschoenus maritimus;;Medium;;40.7253;-8.625304;
Laranjo basin7Jm;Laranjo basin;C Portugal;Atlantic Ocean;Salt Marsh;Juncus maritimus;;Medium;;40.7253;-8.625304;
Laranjo basin9Bm;Laranjo basin;C Portugal;Atlantic Ocean;Salt Marsh;Bolboschoenus maritimus;;Medium;;40.7253;-8.625304;
Laranjo basin9Jm;Laranjo basin;C Portugal;Atlantic Ocean;Salt Marsh;Juncus maritimus;;Medium;;40.7253;-8.625304;
Laranjo bay ? L111Jm;Laranjo basin;C Portugal;Atlantic Ocean;Salt Marsh;Juncus maritimus;;Medium;;40.7253;-8.625304;
Laranjo bay ? L11Jm;Laranjo basin;C Portugal;Atlantic Ocean;Salt Marsh;Juncus maritimus;;Medium;;40.7253;-8.625304;
Laranjo bay ? L13Jm;Laranjo basin;C Portugal;Atlantic Ocean;Salt Marsh;Juncus maritimus;;Medium;;40.7253;-8.625304;
Laranjo bay ? L15Jm;Laranjo basin;C Portugal;Atlantic Ocean;Salt Marsh;Juncus maritimus;;Medium;;40.7253;-8.625304;
Laranjo bay ? L16Jm;Laranjo basin;C Portugal;Atlantic Ocean;Salt Marsh;Juncus maritimus;;Medium;;40.7253;-8.625304;
Laranjo bay ? L19Jm;Laranjo basin;C Portugal;Atlantic Ocean;Salt Marsh;Juncus maritimus;;Medium;;40.7253;-8.625304;
Laranjo bay ? L211Jm;Laranjo basin;C Portugal;Atlantic Ocean;Salt Marsh;Juncus maritimus;;Medium;;40.7253;-8.625304;
Laranjo bay ? L21Jm;Laranjo basin;C Portugal;Atlantic Ocean;Salt Marsh;Juncus maritimus;;Medium;;40.7253;-8.625304;
Laranjo bay ? L23Jm;Laranjo basin;C Portugal;Atlantic Ocean;Salt Marsh;Juncus maritimus;;Medium;;40.7253;-8.625304;
Laranjo bay ? L25Jm;Laranjo basin;C Portugal;Atlantic Ocean;Salt Marsh;Juncus maritimus;;Medium;;40.7253;-8.625304;
Laranjo bay ? L26Jm;Laranjo basin;C Portugal;Atlantic Ocean;Salt Marsh;Juncus maritimus;;Medium;;40.7253;-8.625304;
Laranjo bay ? L29Jm;Laranjo basin;C Portugal;Atlantic Ocean;Salt Marsh;Juncus maritimus;;Medium;;40.7253;-8.625304;
Laranjo bay ? L311Jm;Laranjo basin;C Portugal;Atlantic Ocean;Salt Marsh;Juncus maritimus;;Medium;;40.7253;-8.625304;
Laranjo bay ? L31Jm;Laranjo basin;C Portugal;Atlantic Ocean;Salt Marsh;Juncus maritimus;;Medium;;40.7253;-8.625304;
Laranjo bay ? L33Jm;Laranjo basin;C Portugal;Atlantic Ocean;Salt Marsh;Juncus maritimus;;Medium;;40.7253;-8.625304;
Laranjo bay ? L35Jm;Laranjo basin;C Portugal;Atlantic Ocean;Salt Marsh;Juncus maritimus;;Medium;;40.7253;-8.625304;
Laranjo bay ? L36Jm;Laranjo basin;C Portugal;Atlantic Ocean;Salt Marsh;Juncus maritimus;;Medium;;40.7253;-8.625304;
Laranjo bay ? L39Jm;Laranjo basin;C Portugal;Atlantic Ocean;Salt Marsh;Juncus maritimus;;Medium;;40.7253;-8.625304;
Laranjo bay ? L411Jm;Laranjo basin;C Portugal;Atlantic Ocean;Salt Marsh;Juncus maritimus;;Medium;;40.7253;-8.625304;
Laranjo bay ? L41Jm;Laranjo basin;C Portugal;Atlantic Ocean;Salt Marsh;Juncus maritimus;;Medium;;40.7253;-8.625304;
Laranjo bay ? L43Jm;Laranjo basin;C Portugal;Atlantic Ocean;Salt Marsh;Juncus maritimus;;Medium;;40.7253;-8.625304;
Laranjo bay ? L45Jm;Laranjo basin;C Portugal;Atlantic Ocean;Salt Marsh;Juncus maritimus;;Medium;;40.7253;-8.625304;
Laranjo bay ? L46Jm;Laranjo basin;C Portugal;Atlantic Ocean;Salt Marsh;Juncus maritimus;;Medium;;40.7253;-8.625304;
Laranjo bay ? L49Jm;Laranjo basin;C Portugal;Atlantic Ocean;Salt Marsh;Juncus maritimus;;Medium;;40.7253;-8.625304;
Mira channel (donor)11Zn;Mira channel;C Portugal;Atlantic Ocean;Seagrass;Zostera noltii;;Intertidal;;40.596614;-8.746739;
Mira channelNAZn;Mira channel;C Portugal;Atlantic Ocean;Seagrass;Zostera noltii;;Intertidal;;40.596614;-8.746739;
Mira salt marsh ? Sector I10Sm;Mira channel;C Portugal;Atlantic Ocean;Salt Marsh;Sporobolus maritimus;;Low;;40.596614;-8.746739;
Mira salt marsh ? Sector I11Sm;Mira channel;C Portugal;Atlantic Ocean;Salt Marsh;Sporobolus maritimus;;Low;;40.596614;-8.746739;
Mira salt marsh ? Sector I12Sm;Mira channel;C Portugal;Atlantic Ocean;Salt Marsh;Sporobolus maritimus;;Low;;40.596614;-8.746739;
Mira salt marsh ? Sector I1Sm;Mira channel;C Portugal;Atlantic Ocean;Salt Marsh;Sporobolus maritimus;;Low;;40.596614;-8.746739;
Mira salt marsh ? Sector I2Sm;Mira channel;C Portugal;Atlantic Ocean;Salt Marsh;Sporobolus maritimus;;Low;;40.596614;-8.746739;
Mira salt marsh ? Sector I3Sm;Mira channel;C Portugal;Atlantic Ocean;Salt Marsh;Sporobolus maritimus;;Low;;40.596614;-8.746739;
Mira salt marsh ? Sector I4Sm;Mira channel;C Portugal;Atlantic Ocean;Salt Marsh;Sporobolus maritimus;;Low;;40.596614;-8.746739;
Mira salt marsh ? Sector I5Sm;Mira channel;C Portugal;Atlantic Ocean;Salt Marsh;Sporobolus maritimus;;Low;;40.596614;-8.746739;
Mira salt marsh ? Sector I6Sm;Mira channel;C Portugal;Atlantic Ocean;Salt Marsh;Sporobolus maritimus;;Low;;40.596614;-8.746739;
Mira salt marsh ? Sector I7Sm;Mira channel;C Portugal;Atlantic Ocean;Salt Marsh;Sporobolus maritimus;;Low;;40.596614;-8.746739;
Mira salt marsh ? Sector I8Sm;Mira channel;C Portugal;Atlantic Ocean;Salt Marsh;Sporobolus maritimus;;Low;;40.596614;-8.746739;
Mira salt marsh ? Sector I9Sm;Mira channel;C Portugal;Atlantic Ocean;Salt Marsh;Sporobolus maritimus;;Low;;40.596614;-8.746739;
Mira salt marsh ? Sector I9Sm;Mira channel;C Portugal;Atlantic Ocean;Salt Marsh;Sporobolus maritimus;;Low;;40.596614;-8.746739;
Mira salt marsh ? Sector II10Sp;Mira channel;C Portugal;Atlantic Ocean;Salt Marsh;Salicornia perennis;;Low;;40.596614;-8.746739;
Mira salt marsh ? Sector II11Sp;Mira channel;C Portugal;Atlantic Ocean;Salt Marsh;Salicornia perennis;;Low;;40.596614;-8.746739;
Mira salt marsh ? Sector II12Sp;Mira channel;C Portugal;Atlantic Ocean;Salt Marsh;Salicornia perennis;;Low;;40.596614;-8.746739;
Mira salt marsh ? Sector II1Sp;Mira channel;C Portugal;Atlantic Ocean;Salt Marsh;Salicornia perennis;;Low;;40.596614;-8.746739;
Mira salt marsh ? Sector II2Sp;Mira channel;C Portugal;Atlantic Ocean;Salt Marsh;Salicornia perennis;;Low;;40.596614;-8.746739;
Mira salt marsh ? Sector II3Sp;Mira channel;C Portugal;Atlantic Ocean;Salt Marsh;Salicornia perennis;;Low;;40.596614;-8.746739;
Mira salt marsh ? Sector II4Sp;Mira channel;C Portugal;Atlantic Ocean;Salt Marsh;Salicornia perennis;;Low;;40.596614;-8.746739;
Mira salt marsh ? Sector II5Sp;Mira channel;C Portugal;Atlantic Ocean;Salt Marsh;Salicornia perennis;;Low;;40.596614;-8.746739;
Mira salt marsh ? Sector II6Sp;Mira channel;C Portugal;Atlantic Ocean;Salt Marsh;Salicornia perennis;;Low;;40.596614;-8.746739;
Mira salt marsh ? Sector II7Sp;Mira channel;C Portugal;Atlantic Ocean;Salt Marsh;Salicornia perennis;;Low;;40.596614;-8.746739;
Mira salt marsh ? Sector II8Sp;Mira channel;C Portugal;Atlantic Ocean;Salt Marsh;Salicornia perennis;;Low;;40.596614;-8.746739;
Mira salt marsh ? Sector II9Sp;Mira channel;C Portugal;Atlantic Ocean;Salt Marsh;Salicornia perennis;;Low;;40.596614;-8.746739;
Mira salt marsh ? Sector II9Sp;Mira channel;C Portugal;Atlantic Ocean;Salt Marsh;Salicornia perennis;;Low;;40.596614;-8.746739;
Mira salt marsh ? Sector III10Sm;Mira channel;C Portugal;Atlantic Ocean;Salt Marsh;Sporobolus maritimus;;Low;;40.596614;-8.746739;
Mira salt marsh ? Sector III10Sp;Mira channel;C Portugal;Atlantic Ocean;Salt Marsh;Salicornia perennis;;Low;;40.596614;-8.746739;
Mira salt marsh ? Sector III11Sm;Mira channel;C Portugal;Atlantic Ocean;Salt Marsh;Sporobolus maritimus;;Low;;40.596614;-8.746739;
Mira salt marsh ? Sector III11Sp;Mira channel;C Portugal;Atlantic Ocean;Salt Marsh;Salicornia perennis;;Low;;40.596614;-8.746739;
Mira salt marsh ? Sector III12Sm;Mira channel;C Portugal;Atlantic Ocean;Salt Marsh;Sporobolus maritimus;;Low;;40.596614;-8.746739;
Mira salt marsh ? Sector III12Sp;Mira channel;C Portugal;Atlantic Ocean;Salt Marsh;Salicornia perennis;;Low;;40.596614;-8.746739;
Mira salt marsh ? Sector III1Sm;Mira channel;C Portugal;Atlantic Ocean;Salt Marsh;Sporobolus maritimus;;Low;;40.596614;-8.746739;
Mira salt marsh ? Sector III1Sp;Mira channel;C Portugal;Atlantic Ocean;Salt Marsh;Salicornia perennis;;Low;;40.596614;-8.746739;
Mira salt marsh ? Sector III2Sm;Mira channel;C Portugal;Atlantic Ocean;Salt Marsh;Sporobolus maritimus;;Low;;40.596614;-8.746739;
Mira salt marsh ? Sector III2Sp;Mira channel;C Portugal;Atlantic Ocean;Salt Marsh;Salicornia perennis;;Low;;40.596614;-8.746739;
Mira salt marsh ? Sector III3Sm;Mira channel;C Portugal;Atlantic Ocean;Salt Marsh;Sporobolus maritimus;;Low;;40.596614;-8.746739;
Mira salt marsh ? Sector III3Sp;Mira channel;C Portugal;Atlantic Ocean;Salt Marsh;Salicornia perennis;;Low;;40.596614;-8.746739;
Mira salt marsh ? Sector III4Sm;Mira channel;C Portugal;Atlantic Ocean;Salt Marsh;Sporobolus maritimus;;Low;;40.596614;-8.746739;
Mira salt marsh ? Sector III4Sp;Mira channel;C Portugal;Atlantic Ocean;Salt Marsh;Salicornia perennis;;Low;;40.596614;-8.746739;
Mira salt marsh ? Sector III5Sm;Mira channel;C Portugal;Atlantic Ocean;Salt Marsh;Sporobolus maritimus;;Low;;40.596614;-8.746739;
Mira salt marsh ? Sector III5Sp;Mira channel;C Portugal;Atlantic Ocean;Salt Marsh;Salicornia perennis;;Low;;40.596614;-8.746739;
Mira salt marsh ? Sector III6Sm;Mira channel;C Portugal;Atlantic Ocean;Salt Marsh;Sporobolus maritimus;;Low;;40.596614;-8.746739;
Mira salt marsh ? Sector III6Sp;Mira channel;C Portugal;Atlantic Ocean;Salt Marsh;Salicornia perennis;;Low;;40.596614;-8.746739;
Mira salt marsh ? Sector III7Sm;Mira channel;C Portugal;Atlantic Ocean;Salt Marsh;Sporobolus maritimus;;Low;;40.596614;-8.746739;
Mira salt marsh ? Sector III7Sp;Mira channel;C Portugal;Atlantic Ocean;Salt Marsh;Salicornia perennis;;Low;;40.596614;-8.746739;
Mira salt marsh ? Sector III8Sm;Mira channel;C Portugal;Atlantic Ocean;Salt Marsh;Sporobolus maritimus;;Low;;40.596614;-8.746739;
Mira salt marsh ? Sector III8Sp;Mira channel;C Portugal;Atlantic Ocean;Salt Marsh;Salicornia perennis;;Low;;40.596614;-8.746739;
Mira salt marsh ? Sector III9Sm;Mira channel;C Portugal;Atlantic Ocean;Salt Marsh;Sporobolus maritimus;;Low;;40.596614;-8.746739;
Mira salt marsh ? Sector III9Sm;Mira channel;C Portugal;Atlantic Ocean;Salt Marsh;Sporobolus maritimus;;Low;;40.596614;-8.746739;
Mira salt marsh ? Sector III9Sp;Mira channel;C Portugal;Atlantic Ocean;Salt Marsh;Salicornia perennis;;Low;;40.596614;-8.746739;
Mira salt marsh ? Sector III9Sp;Mira channel;C Portugal;Atlantic Ocean;Salt Marsh;Salicornia perennis;;Low;;40.596614;-8.746739;
Mira salt marsh ? Sector IV10Sm;Mira channel;C Portugal;Atlantic Ocean;Salt Marsh;Sporobolus maritimus;;Low;;40.596614;-8.746739;
Mira salt marsh ? Sector IV11Sm;Mira channel;C Portugal;Atlantic Ocean;Salt Marsh;Sporobolus maritimus;;Low;;40.596614;-8.746739;
Mira salt marsh ? Sector IV12Sm;Mira channel;C Portugal;Atlantic Ocean;Salt Marsh;Sporobolus maritimus;;Low;;40.596614;-8.746739;
Mira salt marsh ? Sector IV1Sm;Mira channel;C Portugal;Atlantic Ocean;Salt Marsh;Sporobolus maritimus;;Low;;40.596614;-8.746739;
Mira salt marsh ? Sector IV2Sm;Mira channel;C Portugal;Atlantic Ocean;Salt Marsh;Sporobolus maritimus;;Low;;40.596614;-8.746739;
Mira salt marsh ? Sector IV3Sm;Mira channel;C Portugal;Atlantic Ocean;Salt Marsh;Sporobolus maritimus;;Low;;40.596614;-8.746739;
Mira salt marsh ? Sector IV4Sm;Mira channel;C Portugal;Atlantic Ocean;Salt Marsh;Sporobolus maritimus;;Low;;40.596614;-8.746739;
Mira salt marsh ? Sector IV5Sm;Mira channel;C Portugal;Atlantic Ocean;Salt Marsh;Sporobolus maritimus;;Low;;40.596614;-8.746739;
Mira salt marsh ? Sector IV6Sm;Mira channel;C Portugal;Atlantic Ocean;Salt Marsh;Sporobolus maritimus;;Low;;40.596614;-8.746739;
Mira salt marsh ? Sector IV7Sm;Mira channel;C Portugal;Atlantic Ocean;Salt Marsh;Sporobolus maritimus;;Low;;40.596614;-8.746739;
Mira salt marsh ? Sector IV8Sm;Mira channel;C Portugal;Atlantic Ocean;Salt Marsh;Sporobolus maritimus;;Low;;40.596614;-8.746739;
Mira salt marsh ? Sector IV9Sm;Mira channel;C Portugal;Atlantic Ocean;Salt Marsh;Sporobolus maritimus;;Low;;40.596614;-8.746739;
Mira salt marsh ? Sector IV9Sm;Mira channel;C Portugal;Atlantic Ocean;Salt Marsh;Sporobolus maritimus;;Low;;40.596614;-8.746739;
Pancas10Ap;Pancas;S Portugal;Atlantic Ocean;Salt Marsh;Atriplex portulacoides;;Medium;;38.82718;-8.943519;
Pancas10Sm;Pancas;S Portugal;Atlantic Ocean;Salt Marsh;Sporobolus maritimus;;Low;;38.82718;-8.943519;
Pancas12Ap;Pancas;S Portugal;Atlantic Ocean;Salt Marsh;Atriplex portulacoides;;Medium;;38.82718;-8.943519;
Pancas12Sm;Pancas;S Portugal;Atlantic Ocean;Salt Marsh;Sporobolus maritimus;;Low;;38.82718;-8.943519;
Pancas2Ap;Pancas;S Portugal;Atlantic Ocean;Salt Marsh;Atriplex portulacoides;;Medium;;38.82718;-8.943519;
Pancas2Sm;Pancas;S Portugal;Atlantic Ocean;Salt Marsh;Sporobolus maritimus;;Low;;38.82718;-8.943519;
Pancas4Ap;Pancas;S Portugal;Atlantic Ocean;Salt Marsh;Atriplex portulacoides;;Medium;;38.82718;-8.943519;
Pancas6Ap;Pancas;S Portugal;Atlantic Ocean;Salt Marsh;Atriplex portulacoides;;Medium;;38.82718;-8.943519;
Pancas6Sm;Pancas;S Portugal;Atlantic Ocean;Salt Marsh;Sporobolus maritimus;;Low;;38.82718;-8.943519;
Pancas8Ap;Pancas;S Portugal;Atlantic Ocean;Salt Marsh;Atriplex portulacoides;;Medium;;38.82718;-8.943519;
Pancas8Sm;Pancas;S Portugal;Atlantic Ocean;Salt Marsh;Sporobolus maritimus;;Low;;38.82718;-8.943519;
Ros rio salt marshes10Ap;Ros rio;S Portugal;Atlantic Ocean;Salt Marsh;Atriplex portulacoides;;Medium;;38.693494;-8.984737;
Ros rio salt marshes10Sf;Ros rio;S Portugal;Atlantic Ocean;Salt Marsh;Salicornia fruticosa;;Medium;;38.693494;-8.984737;
Ros rio salt marshes10Sm;Ros rio;S Portugal;Atlantic Ocean;Salt Marsh;Sporobolus maritimus;;Low;;38.693494;-8.984737;
Ros rio salt marshes10Sp;Ros rio;S Portugal;Atlantic Ocean;Salt Marsh;Salicornia perennis;;Low;;38.693494;-8.984737;
Ros rio salt marshes12Ap;Ros rio;S Portugal;Atlantic Ocean;Salt Marsh;Atriplex portulacoides;;Medium;;38.693494;-8.984737;
Ros rio salt marshes12Sf;Ros rio;S Portugal;Atlantic Ocean;Salt Marsh;Salicornia fruticosa;;Medium;;38.693494;-8.984737;
Ros rio salt marshes12Sm;Ros rio;S Portugal;Atlantic Ocean;Salt Marsh;Sporobolus maritimus;;Low;;38.693494;-8.984737;
Ros rio salt marshes12Sp;Ros rio;S Portugal;Atlantic Ocean;Salt Marsh;Salicornia perennis;;Low;;38.693494;-8.984737;
Ros rio salt marshes2Ap;Ros rio;S Portugal;Atlantic Ocean;Salt Marsh;Atriplex portulacoides;;Medium;;38.693494;-8.984737;
Ros rio salt marshes2Sf;Ros rio;S Portugal;Atlantic Ocean;Salt Marsh;Salicornia fruticosa;;Medium;;38.693494;-8.984737;
Ros rio salt marshes2Sm;Ros rio;S Portugal;Atlantic Ocean;Salt Marsh;Sporobolus maritimus;;Low;;38.693494;-8.984737;
Ros rio salt marshes2Sp;Ros rio;S Portugal;Atlantic Ocean;Salt Marsh;Salicornia perennis;;Low;;38.693494;-8.984737;
Ros rio salt marshes3Ap;Ros rio;S Portugal;Atlantic Ocean;Salt Marsh;Atriplex portulacoides;;Medium;;38.693494;-8.984737;
Ros rio salt marshes3Sm;Ros rio;S Portugal;Atlantic Ocean;Salt Marsh;Sporobolus maritimus;;Low;;38.693494;-8.984737;
Ros rio salt marshes4Ap;Ros rio;S Portugal;Atlantic Ocean;Salt Marsh;Atriplex portulacoides;;Medium;;38.693494;-8.984737;
Ros rio salt marshes4Sf;Ros rio;S Portugal;Atlantic Ocean;Salt Marsh;Salicornia fruticosa;;Medium;;38.693494;-8.984737;
Ros rio salt marshes4Sm;Ros rio;S Portugal;Atlantic Ocean;Salt Marsh;Sporobolus maritimus;;Low;;38.693494;-8.984737;
Ros rio salt marshes4Sp;Ros rio;S Portugal;Atlantic Ocean;Salt Marsh;Salicornia perennis;;Low;;38.693494;-8.984737;
Ros rio salt marshes6Ap;Ros rio;S Portugal;Atlantic Ocean;Salt Marsh;Atriplex portulacoides;;Medium;;38.693494;-8.984737;
Ros rio salt marshes6Sf;Ros rio;S Portugal;Atlantic Ocean;Salt Marsh;Salicornia fruticosa;;Medium;;38.693494;-8.984737;
Ros rio salt marshes6Sm;Ros rio;S Portugal;Atlantic Ocean;Salt Marsh;Sporobolus maritimus;;Low;;38.693494;-8.984737;
Ros rio salt marshes6Sp;Ros rio;S Portugal;Atlantic Ocean;Salt Marsh;Salicornia perennis;;Low;;38.693494;-8.984737;
Ros rio11Ap;Ros rio;S Portugal;Atlantic Ocean;Salt Marsh;Atriplex portulacoides;;Medium;;38.693494;-8.984737;
Ros rio11Sm;Ros rio;S Portugal;Atlantic Ocean;Salt Marsh;Sporobolus maritimus;;Low;;38.693494;-8.984737;
Ros rio1Ap;Ros rio;S Portugal;Atlantic Ocean;Salt Marsh;Atriplex portulacoides;;Medium;;38.693494;-8.984737;
Ros rio1Sm;Ros rio;S Portugal;Atlantic Ocean;Salt Marsh;Sporobolus maritimus;;Low;;38.693494;-8.984737;
Ros rio4Ap;Ros rio;S Portugal;Atlantic Ocean;Salt Marsh;Atriplex portulacoides;;Medium;;38.693494;-8.984737;
Ros rio4Sm;Ros rio;S Portugal;Atlantic Ocean;Salt Marsh;Sporobolus maritimus;;Low;;38.693494;-8.984737;
Ros rio6Ap;Ros rio;S Portugal;Atlantic Ocean;Salt Marsh;Atriplex portulacoides;;Medium;;38.693494;-8.984737;
Ros rio6Sm;Ros rio;S Portugal;Atlantic Ocean;Salt Marsh;Sporobolus maritimus;;Low;;38.693494;-8.984737;
S.m.NASm;S.m.NASm224;C Portugal;Atlantic Ocean;Salt Marsh;Sporobolus maritimus;;Low;;40.124959;-8.83941;
Sc.m.NABm;Sc.m.NABm231;C Portugal;Atlantic Ocean;Salt Marsh;Bolboschoenus maritimus;;Medium;;40.124959;-8.83941;
Site 111Bm;Site 111Bm241;C Portugal;Atlantic Ocean;Salt Marsh;Bolboschoenus maritimus;;Medium;;40.124959;-8.83941;
Site 112Bm;Site 112Bm242;C Portugal;Atlantic Ocean;Salt Marsh;Bolboschoenus maritimus;;Medium;;40.124959;-8.83941;
Site 11Bm;Site 11Bm243;C Portugal;Atlantic Ocean;Salt Marsh;Bolboschoenus maritimus;;Medium;;40.124959;-8.83941;
Site 12Bm;Site 12Bm244;C Portugal;Atlantic Ocean;Salt Marsh;Bolboschoenus maritimus;;Medium;;40.124959;-8.83941;
Site 13Bm;Site 13Bm238;C Portugal;Atlantic Ocean;Salt Marsh;Bolboschoenus maritimus;;Medium;;40.124959;-8.83941;
Site 14Bm;Site 14Bm239;C Portugal;Atlantic Ocean;Salt Marsh;Bolboschoenus maritimus;;Medium;;40.124959;-8.83941;
Site 15Bm;Site 15Bm240;C Portugal;Atlantic Ocean;Salt Marsh;Bolboschoenus maritimus;;Medium;;40.124959;-8.83941;
Site 16Bm;Site 16Bm248;C Portugal;Atlantic Ocean;Salt Marsh;Bolboschoenus maritimus;;Medium;;40.124959;-8.83941;
Site 211Bm;Site 211Bm252;C Portugal;Atlantic Ocean;Salt Marsh;Bolboschoenus maritimus;;Medium;;40.124959;-8.83941;
Site 21Bm;Site 21Bm254;C Portugal;Atlantic Ocean;Salt Marsh;Bolboschoenus maritimus;;Medium;;40.124959;-8.83941;
Site 22Bm;Site 22Bm255;C Portugal;Atlantic Ocean;Salt Marsh;Bolboschoenus maritimus;;Medium;;40.124959;-8.83941;
Site 23Bm;Site 23Bm249;C Portugal;Atlantic Ocean;Salt Marsh;Bolboschoenus maritimus;;Medium;;40.124959;-8.83941;
Site 24Bm;Site 24Bm250;C Portugal;Atlantic Ocean;Salt Marsh;Bolboschoenus maritimus;;Medium;;40.124959;-8.83941;
Site 25Bm;Site 25Bm251;C Portugal;Atlantic Ocean;Salt Marsh;Bolboschoenus maritimus;;Medium;;40.124959;-8.83941;
Site 26Bm;Site 26Bm259;C Portugal;Atlantic Ocean;Salt Marsh;Bolboschoenus maritimus;;Medium;;40.124959;-8.83941;
Site 311Bm;Site 311Bm263;C Portugal;Atlantic Ocean;Salt Marsh;Bolboschoenus maritimus;;Medium;;40.124959;-8.83941;
Site 312Bm;Site 312Bm264;C Portugal;Atlantic Ocean;Salt Marsh;Bolboschoenus maritimus;;Medium;;40.124959;-8.83941;
Site 31Bm;Site 31Bm265;C Portugal;Atlantic Ocean;Salt Marsh;Bolboschoenus maritimus;;Medium;;40.124959;-8.83941;
Site 32Bm;Site 32Bm266;C Portugal;Atlantic Ocean;Salt Marsh;Bolboschoenus maritimus;;Medium;;40.124959;-8.83941;
Site 33Bm;Site 33Bm260;C Portugal;Atlantic Ocean;Salt Marsh;Bolboschoenus maritimus;;Medium;;40.124959;-8.83941;
Site 34Bm;Site 34Bm261;C Portugal;Atlantic Ocean;Salt Marsh;Bolboschoenus maritimus;;Medium;;40.124959;-8.83941;
Site 35Bm;Site 35Bm262;C Portugal;Atlantic Ocean;Salt Marsh;Bolboschoenus maritimus;;Medium;;40.124959;-8.83941;
Site 36Bm;Site 36Bm270;C Portugal;Atlantic Ocean;Salt Marsh;Bolboschoenus maritimus;;Medium;;40.124959;-8.83941;
Site A2Zn;Site A2Zn176;C Portugal;Atlantic Ocean;Seagrass;Zostera noltii;;Intertidal;;40.124959;-8.83941;
Site A6Zn;Site A6Zn177;C Portugal;Atlantic Ocean;Seagrass;Zostera noltii;;Intertidal;;40.124959;-8.83941;
Site A9Zn;Site A9Zn178;C Portugal;Atlantic Ocean;Seagrass;Zostera noltii;;Intertidal;;40.124959;-8.83941;
Site B12Zn;Site B12Zn182;C Portugal;Atlantic Ocean;Seagrass;Zostera noltii;;Intertidal;;40.124959;-8.83941;
Site B2Zn;Site B2Zn180;C Portugal;Atlantic Ocean;Seagrass;Zostera noltii;;Intertidal;;40.124959;-8.83941;
Site B9Zn;Site B9Zn181;C Portugal;Atlantic Ocean;Seagrass;Zostera noltii;;Intertidal;;40.124959;-8.83941;
Vasa Sacos salt marshNAAp;Vasa Sacos;S Portugal;Atlantic Ocean;Salt Marsh;Atriplex portulacoides;;Medium;;38.880087;-9.000375;
Vasa Sacos salt marshNASm;Vasa Sacos;S Portugal;Atlantic Ocean;Salt Marsh;Sporobolus maritimus;;Low;;38.880087;-9.000375;
Vasa Sacos salt marshNASp;Vasa Sacos;S Portugal;Atlantic Ocean;Salt Marsh;Salicornia perennis;;High;;38.880087;-9.000375;
Verdemilho salt marshNAAp;Vasa Sacos;S Portugal;Atlantic Ocean;Salt Marsh;Atriplex portulacoides;;Medium;;38.880087;-9.000375;
Verdemilho salt marshNASp;Vasa Sacos;S Portugal;Atlantic Ocean;Salt Marsh;Salicornia perennis;;Low;;38.880087;-9.000375;
Z. noltei meadow10Zn;Z. noltei meadow10Zn289;C Portugal;Atlantic Ocean;Seagrass;Zostera noltii;;Intertidal;;40.124959;-8.83941;
Z. noltei meadow11Zn;Z. noltei meadow11Zn291;C Portugal;Atlantic Ocean;Seagrass;Zostera noltii;;Intertidal;;40.124959;-8.83941;
Z. noltei meadow12Zn;Z. noltei meadow12Zn293;C Portugal;Atlantic Ocean;Seagrass;Zostera noltii;;Intertidal;;40.124959;-8.83941;
Z. noltei meadow1Zn;Z. noltei meadow1Zn271;C Portugal;Atlantic Ocean;Seagrass;Zostera noltii;;Intertidal;;40.124959;-8.83941;
Z. noltei meadow2Zn;Z. noltei meadow2Zn273;C Portugal;Atlantic Ocean;Seagrass;Zostera noltii;;Intertidal;;40.124959;-8.83941;
Z. noltei meadow3Zn;Z. noltei meadow3Zn275;C Portugal;Atlantic Ocean;Seagrass;Zostera noltii;;Intertidal;;40.124959;-8.83941;
Z. noltei meadow4Zn;Z. noltei meadow4Zn277;C Portugal;Atlantic Ocean;Seagrass;Zostera noltii;;Intertidal;;40.124959;-8.83941;
Z. noltei meadow5Zn;Z. noltei meadow5Zn279;C Portugal;Atlantic Ocean;Seagrass;Zostera noltii;;Intertidal;;40.124959;-8.83941;
Z. noltei meadow6Zn;Z. noltei meadow6Zn281;C Portugal;Atlantic Ocean;Seagrass;Zostera noltii;;Intertidal;;40.124959;-8.83941;
Z. noltei meadow7Zn;Z. noltei meadow7Zn283;C Portugal;Atlantic Ocean;Seagrass;Zostera noltii;;Intertidal;;40.124959;-8.83941;
Z. noltei meadow8Zn;Z. noltei meadow8Zn285;C Portugal;Atlantic Ocean;Seagrass;Zostera noltii;;Intertidal;;40.124959;-8.83941;
Z.n.NAZn;Z.n.NAZn217;C Portugal;Atlantic Ocean;Seagrass;Zostera noltii;;Intertidal;;40.124215;-8.840934;
Zostera site10Zn;Zostera site10Zn195;C Portugal;Atlantic Ocean;Seagrass;Zostera noltii;;Intertidal;;40.124215;-8.840934;
Zostera site11Zn;Zostera site11Zn196;C Portugal;Atlantic Ocean;Seagrass;Zostera noltii;;Intertidal;;40.124215;-8.840934;
Zostera site12Zn;Zostera site12Zn197;C Portugal;Atlantic Ocean;Seagrass;Zostera noltii;;Intertidal;;40.124215;-8.840934;
Zostera site2Zn;Zostera site2Zn187;C Portugal;Atlantic Ocean;Seagrass;Zostera noltii;;Intertidal;;40.124215;-8.840934;
Zostera site3Zn;Zostera site3Zn188;C Portugal;Atlantic Ocean;Seagrass;Zostera noltii;;Intertidal;;40.124215;-8.840934;
Zostera site4Zn;Zostera site4Zn189;C Portugal;Atlantic Ocean;Seagrass;Zostera noltii;;Intertidal;;40.124215;-8.840934;
Zostera site5Zn;Zostera site5Zn190;C Portugal;Atlantic Ocean;Seagrass;Zostera noltii;;Intertidal;;40.124215;-8.840934;
Zostera site6Zn;Zostera site6Zn191;C Portugal;Atlantic Ocean;Seagrass;Zostera noltii;;Intertidal;;40.124215;-8.840934;
Zostera site7Zn;Zostera site7Zn192;C Portugal;Atlantic Ocean;Seagrass;Zostera noltii;;Intertidal;;40.124215;-8.840934;
Zostera site8Zn;Zostera site8Zn193;C Portugal;Atlantic Ocean;Seagrass;Zostera noltii;;Intertidal;;40.124215;-8.840934;
Zostera site9Zn;Zostera site9Zn194;C Portugal;Atlantic Ocean;Seagrass;Zostera noltii;;Intertidal;;40.124215;-8.840934;
NPCB-BOLI_Sm;CADIZ;Andalucia;Atlantic Ocean;Salt Marsh;Spartina maritima;Healthy;Low;2015;36.516622;-6.170795;
NPCB-BOLI_Mx;CADIZ;Andalucia;Atlantic Ocean;Salt Marsh;Mixed Salt Marsh;Healthy;Low;2015;36.516622;-6.170795;
NPCB-BOLI_Sc;CADIZ;Andalucia;Atlantic Ocean;Salt Marsh;Sarcocornia;Healthy;Low;2015;36.516622;-6.170795;
NPCB-CLICA_Sc;CADIZ;Andalucia;Atlantic Ocean;Salt Marsh;Sarcocornia;Healthy;Low;2016;36.498839;-6.192732;
NPCB-CLICA_Mx;CADIZ;Andalucia;Atlantic Ocean;Salt Marsh;Mixed Salt Marsh;Healthy;Low;2016;36.498839;-6.192732;
Alfacs;Lluents del Canal Curt;Catalunya;Mediterranean Sea;Salt Marsh;Mixed Salt Marsh;Healthy;Microtidal;;40.653543;0.685176;
Encanyissada;Amposta;Catalunya;Mediterranean Sea;Salt Marsh;Mixed Salt Marsh;Healthy;Microtidal;;40.638238;0.742547;
Senillar de Moraira;Alicante;Pa¡s Valenci…;Mediterranean Sea;Salt Marsh;Mixed Salt Marsh;Healthy;Microtidal;;38.68774;0.130822;
Albufera de Adra;Adra;Andalucia;Mediterranean Sea;Salt Marsh;Mixed Salt Marsh;Healthy;Microtidal;;36.752027;-2.949129;
HS-15;La pletera;Catalunya;Mediterranean Sea;Salt Marsh;Salicornia;Healthy;Microtidal;2015;42.030833;3.1925;
HS-16;La pletera;Catalunya;Mediterranean Sea;Salt Marsh;Halimione;Healthy;Microtidal;2016;42.030833;3.1925;
SM-15;La pletera;Catalunya;Mediterranean Sea;Salt Marsh;Elytrigia;Healthy;Microtidal;2015;42.030833;3.1925;
SM-16;La pletera;Catalunya;Mediterranean Sea;Salt Marsh;Halimione;Healthy;Microtidal;2016;42.030833;3.1925;
GS-15;La pletera;Catalunya;Mediterranean Sea;Salt Marsh;Salicornia;Healthy;Microtidal;2015;42.030833;3.1925;
GS-16;La pletera;Catalunya;Mediterranean Sea;Salt Marsh;Salicornia;Healthy;Microtidal;2016;42.030833;3.1925;
Palamones-DEC;Palamones Salt Marsh;Andalucia;Mediterranean Sea;Salt Marsh;Sarcocornia;Healthy;Microtidal;2001;36.172745;-5.436486;
Palamones-FEB;Palamones Salt Marsh;Andalucia;Mediterranean Sea;Salt Marsh;Sarcocornia;Healthy;Microtidal;2002;36.172745;-5.436486;
Palamones-APR;Palamones Salt Marsh;Andalucia;Mediterranean Sea;Salt Marsh;Sarcocornia;Healthy;Microtidal;2002;36.172745;-5.436486;
Palamones-JUN;Palamones Salt Marsh;Andalucia;Mediterranean Sea;Salt Marsh;Sarcocornia;Healthy;Microtidal;2002;36.172745;-5.436486;
Palamones-AUG;Palamones Salt Marsh;Andalucia;Mediterranean Sea;Salt Marsh;Sarcocornia;Healthy;Microtidal;2002;36.172745;-5.436486;
Palamones-OCT;Palamones Salt Marsh;Andalucia;Mediterranean Sea;Salt Marsh;Sarcocornia;Healthy;Microtidal;2002;36.172745;-5.436486;
Palamones-DEC2;Palamones Salt Marsh;Andalucia;Mediterranean Sea;Salt Marsh;Sarcocornia;Healthy;Microtidal;2002;36.172745;-5.436486;
Ebr1;Delta del Ebro;Catalunya;Mediterranean Sea;Salt Marsh;Sarcocornia;Healthy;Microtidal;1991;40.705415;0.855725;
Ebr2;Delta del Ebro;Catalunya;Mediterranean Sea;Salt Marsh;Sarcocornia;Healthy;Microtidal;1991;40.705415;0.855725;
Ebr3;Delta del Ebro;Catalunya;Mediterranean Sea;Salt Marsh;Arthrocnemum;Healthy;Microtidal;1991;40.705415;0.855725;
NM-1;Odiel;Andalucia;Atlantic Ocean;Salt Marsh;Spartina maritima;Healthy;Low;2005;37.23036;-6.95453;
CM-1.1;Odiel;Andalucia;Atlantic Ocean;Salt Marsh;Spartina maritima;Healthy;Low;2005;37.23036;-6.95453;
CM-1.2;Odiel;Andalucia;Atlantic Ocean;Salt Marsh;Spartina maritima;Healthy;Low;2005;37.23036;-6.95453;
CM-1.3;Odiel;Andalucia;Atlantic Ocean;Salt Marsh;Spartina maritima;Healthy;Low;2005;37.23036;-6.95453;
CM-2.1;Odiel;Andalucia;Atlantic Ocean;Salt Marsh;Spartina maritima;Healthy;Low;2005;37.23036;-6.95453;
NM-2;Odiel;Andalucia;Atlantic Ocean;Salt Marsh;Spartina maritima;Healthy;Low;2005;37.23036;-6.95453;
CM-3.1;Odiel;Andalucia;Atlantic Ocean;Salt Marsh;Spartina maritima;Healthy;Low;2005;37.23036;-6.95453;
CM-3.2;Odiel;Andalucia;Atlantic Ocean;Salt Marsh;Spartina maritima;Healthy;Low;2005;37.23036;-6.95453;
Cam_Sm_D;Mundaka;Euskal Herria;Cantabrian Sea;Salt Marsh;Spartina maritima;Healthy;Low;1987;43.397363;-2.687256;
Cam_Sm_Ja;Mundaka;Euskal Herria;Cantabrian Sea;Salt Marsh;Spartina maritima;Healthy;Low;1988;43.397363;-2.687256;
Cam_Sm_F;Mundaka;Euskal Herria;Cantabrian Sea;Salt Marsh;Spartina maritima;Healthy;Low;1988;43.397363;-2.687256;
Cam_Sm_M;Mundaka;Euskal Herria;Cantabrian Sea;Salt Marsh;Spartina maritima;Healthy;Low;1988;43.397363;-2.687256;
Cam_Sm_Ab;Mundaka;Euskal Herria;Cantabrian Sea;Salt Marsh;Spartina maritima;Healthy;Low;1988;43.397363;-2.687256;
Cam_Sm_Ma;Mundaka;Euskal Herria;Cantabrian Sea;Salt Marsh;Spartina maritima;Healthy;Low;1988;43.397363;-2.687256;
Cam_Sm_J;Mundaka;Euskal Herria;Cantabrian Sea;Salt Marsh;Spartina maritima;Healthy;Low;1988;43.397363;-2.687256;
Cam_Sm_Jl;Mundaka;Euskal Herria;Cantabrian Sea;Salt Marsh;Spartina maritima;Healthy;Low;1988;43.397363;-2.687256;
Cam_Sm_Ag;Mundaka;Euskal Herria;Cantabrian Sea;Salt Marsh;Spartina maritima;Healthy;Low;1988;43.397363;-2.687256;
Cam_Sm_S;Mundaka;Euskal Herria;Cantabrian Sea;Salt Marsh;Spartina maritima;Healthy;Low;1988;43.397363;-2.687256;
Cam_Sm_O;Mundaka;Euskal Herria;Cantabrian Sea;Salt Marsh;Spartina maritima;Healthy;Low;1988;43.397363;-2.687256;
Cam_Sm_N;Mundaka;Euskal Herria;Cantabrian Sea;Salt Marsh;Spartina maritima;Healthy;Low;1988;43.397363;-2.687256;
Cam_Sa_M;Zumaia;Euskal Herria;Cantabrian Sea;Salt Marsh;Spartina alterniflora;Healthy;Medium;1988;43.288838;-2.244183;
Cam_Sa_Ab;Zumaia;Euskal Herria;Cantabrian Sea;Salt Marsh;Spartina alterniflora;Healthy;Medium;1988;43.288838;-2.244183;
Cam_Sa_Ma;Zumaia;Euskal Herria;Cantabrian Sea;Salt Marsh;Spartina alterniflora;Healthy;Medium;1988;43.288838;-2.244183;
Cam_Sa_J;Zumaia;Euskal Herria;Cantabrian Sea;Salt Marsh;Spartina alterniflora;Healthy;Medium;1988;43.288838;-2.244183;
Cam_Sa_Jl;Zumaia;Euskal Herria;Cantabrian Sea;Salt Marsh;Spartina alterniflora;Healthy;Medium;1988;43.288838;-2.244183;
Cam_Sa_Ag;Zumaia;Euskal Herria;Cantabrian Sea;Salt Marsh;Spartina alterniflora;Healthy;Medium;1988;43.288838;-2.244183;
Cam_Sa_S;Zumaia;Euskal Herria;Cantabrian Sea;Salt Marsh;Spartina alterniflora;Healthy;Medium;1988;43.288838;-2.244183;
Cam_Sa_O;Zumaia;Euskal Herria;Cantabrian Sea;Salt Marsh;Spartina alterniflora;Healthy;Medium;1988;43.288838;-2.244183;
Cam_Sa_N;Zumaia;Euskal Herria;Cantabrian Sea;Salt Marsh;Spartina alterniflora;Healthy;Medium;1988;43.288838;-2.244183;
Cam_Sr_D;Mundaka;Euskal Herria;Cantabrian Sea;Salt Marsh;Salicornia;Healthy;Medium;1987;43.397363;-2.687256;
Cam_Sr_Ja;Mundaka;Euskal Herria;Cantabrian Sea;Salt Marsh;Salicornia;Healthy;Medium;1988;43.397363;-2.687256;
Cam_Sr_F;Mundaka;Euskal Herria;Cantabrian Sea;Salt Marsh;Salicornia;Healthy;Medium;1988;43.397363;-2.687256;
Cam_Sr_M;Mundaka;Euskal Herria;Cantabrian Sea;Salt Marsh;Salicornia;Healthy;Medium;1988;43.397363;-2.687256;
Cam_Sr_Ab;Mundaka;Euskal Herria;Cantabrian Sea;Salt Marsh;Salicornia;Healthy;Medium;1988;43.397363;-2.687256;
Cam_Sr_Ma;Mundaka;Euskal Herria;Cantabrian Sea;Salt Marsh;Salicornia;Healthy;Medium;1988;43.397363;-2.687256;
Cam_Sr_J;Mundaka;Euskal Herria;Cantabrian Sea;Salt Marsh;Salicornia;Healthy;Medium;1988;43.397363;-2.687256;
Cam_Sr_Jl;Mundaka;Euskal Herria;Cantabrian Sea;Salt Marsh;Salicornia;Healthy;Medium;1988;43.397363;-2.687256;
Cam_Sr_Ag;Mundaka;Euskal Herria;Cantabrian Sea;Salt Marsh;Salicornia;Healthy;Medium;1988;43.397363;-2.687256;
Cam_Sr_S;Mundaka;Euskal Herria;Cantabrian Sea;Salt Marsh;Salicornia;Healthy;Medium;1988;43.397363;-2.687256;
Cam_Sr_O;Mundaka;Euskal Herria;Cantabrian Sea;Salt Marsh;Salicornia;Healthy;Medium;1988;43.397363;-2.687256;
Cam_Sr_N;Mundaka;Euskal Herria;Cantabrian Sea;Salt Marsh;Salicornia;Healthy;Medium;1988;43.397363;-2.687256;
Cam_Hp_D;Mundaka;Euskal Herria;Cantabrian Sea;Salt Marsh;Halimione;Healthy;Medium;1987;43.397363;-2.687256;
Cam_Hp_Ja;Mundaka;Euskal Herria;Cantabrian Sea;Salt Marsh;Halimione;Healthy;Medium;1988;43.397363;-2.687256;
Cam_Hp_F;Mundaka;Euskal Herria;Cantabrian Sea;Salt Marsh;Halimione;Healthy;Medium;1988;43.397363;-2.687256;
Cam_Hp_M;Mundaka;Euskal Herria;Cantabrian Sea;Salt Marsh;Halimione;Healthy;Medium;1988;43.397363;-2.687256;
Cam_Hp_Ab;Mundaka;Euskal Herria;Cantabrian Sea;Salt Marsh;Halimione;Healthy;Medium;1988;43.397363;-2.687256;
Cam_Hp_Ma;Mundaka;Euskal Herria;Cantabrian Sea;Salt Marsh;Halimione;Healthy;Medium;1988;43.397363;-2.687256;
Cam_Hp_J;Mundaka;Euskal Herria;Cantabrian Sea;Salt Marsh;Halimione;Healthy;Medium;1988;43.397363;-2.687256;
Cam_Hp_Jl;Mundaka;Euskal Herria;Cantabrian Sea;Salt Marsh;Halimione;Healthy;Medium;1988;43.397363;-2.687256;
Cam_Hp_Ag;Mundaka;Euskal Herria;Cantabrian Sea;Salt Marsh;Halimione;Healthy;Medium;1988;43.397363;-2.687256;
Cam_Hp_S;Mundaka;Euskal Herria;Cantabrian Sea;Salt Marsh;Halimione;Healthy;Medium;1988;43.397363;-2.687256;
Cam_Hp_O;Mundaka;Euskal Herria;Cantabrian Sea;Salt Marsh;Halimione;Healthy;Medium;1988;43.397363;-2.687256;
Cam_Hp_N;Mundaka;Euskal Herria;Cantabrian Sea;Salt Marsh;Halimione;Healthy;Medium;1988;43.397363;-2.687256;
Delta_High;Delta del Ebro;Catalunya;Mediterranean Sea;Seagrass;Cymodocea nodosa;Healthy;Subtidal;1990;40.611931;0.705091;
Delta_Mid;Delta del Ebro;Catalunya;Mediterranean Sea;Seagrass;Cymodocea nodosa;Healthy;Subtidal;1990;40.611931;0.705091;
Delta_Low;Delta del Ebro;Catalunya;Mediterranean Sea;Seagrass;Cymodocea nodosa;Healthy;Subtidal;1990;40.611931;0.705091;
Medano_june;El Medano;Canarias;Ultraperiferic T.;Seagrass;Cymodocea nodosa;Healthy;Subtidal;1991;28.037063;-16.530576;
Medano_julio;El Medano;Canarias;Ultraperiferic T.;Seagrass;Cymodocea nodosa;Healthy;Subtidal;1991;28.037063;-16.530576;
Medano_agosto;El Medano;Canarias;Ultraperiferic T.;Seagrass;Cymodocea nodosa;Healthy;Subtidal;1991;28.037063;-16.530576;
Medano_septiembre;El Medano;Canarias;Ultraperiferic T.;Seagrass;Cymodocea nodosa;Healthy;Subtidal;1991;28.037063;-16.530576;
Medano_octubre;El Medano;Canarias;Ultraperiferic T.;Seagrass;Cymodocea nodosa;Healthy;Subtidal;1991;28.037063;-16.530576;
Medano_noviembre;El Medano;Canarias;Ultraperiferic T.;Seagrass;Cymodocea nodosa;Healthy;Subtidal;1991;28.037063;-16.530576;
Medano_diciembre;El Medano;Canarias;Ultraperiferic T.;Seagrass;Cymodocea nodosa;Healthy;Subtidal;1991;28.037063;-16.530576;
Medano_enero;El Medano;Canarias;Ultraperiferic T.;Seagrass;Cymodocea nodosa;Healthy;Subtidal;1992;28.037063;-16.530576;
Medano_febrero;El Medano;Canarias;Ultraperiferic T.;Seagrass;Cymodocea nodosa;Healthy;Subtidal;1992;28.037063;-16.530576;
Medano_marzo;El Medano;Canarias;Ultraperiferic T.;Seagrass;Cymodocea nodosa;Healthy;Subtidal;1992;28.037063;-16.530576;
Medano_abril;El Medano;Canarias;Ultraperiferic T.;Seagrass;Cymodocea nodosa;Healthy;Subtidal;1992;28.037063;-16.530576;
Medano_mayo;El Medano;Canarias;Ultraperiferic T.;Seagrass;Cymodocea nodosa;Healthy;Subtidal;1992;28.037063;-16.530576;
Blanes_junio;Blanes;Catalunya;Mediterranean Sea;Seagrass;Cymodocea nodosa;Healthy;Subtidal;1998;41.672844;2.792704;
Blanes_julio;Blanes;Catalunya;Mediterranean Sea;Seagrass;Cymodocea nodosa;Healthy;Subtidal;1998;41.672844;2.792704;
Blanes_agosto;Blanes;Catalunya;Mediterranean Sea;Seagrass;Cymodocea nodosa;Healthy;Subtidal;1998;41.672844;2.792704;
Blanes_septiembre;Blanes;Catalunya;Mediterranean Sea;Seagrass;Cymodocea nodosa;Healthy;Subtidal;1998;41.672844;2.792704;
Blanes_octubre;Blanes;Catalunya;Mediterranean Sea;Seagrass;Cymodocea nodosa;Healthy;Subtidal;1998;41.672844;2.792704;
Guixols_8;Sant Feliu de Guixols;Catalunya;Mediterranean Sea;Seagrass;Cymodocea nodosa;Healthy;Subtidal;2002;41.77936;3.033346;8
Guixols_11;Sant Feliu de Guixols;Catalunya;Mediterranean Sea;Seagrass;Cymodocea nodosa;Healthy;Subtidal;2002;41.77936;3.033346;11
MM_87_nov;Mar Menor;Murcia;Mediterranean Sea;Seagrass;Cymodocea nodosa;Healthy;Subtidal;1987;37.783149;-0.76121;
MM_87_dic;Mar Menor;Murcia;Mediterranean Sea;Seagrass;Cymodocea nodosa;Healthy;Subtidal;1987;37.783149;-0.76121;
MM_88_ene;Mar Menor;Murcia;Mediterranean Sea;Seagrass;Cymodocea nodosa;Healthy;Subtidal;1988;37.783149;-0.76121;
MM_88_feb;Mar Menor;Murcia;Mediterranean Sea;Seagrass;Cymodocea nodosa;Healthy;Subtidal;1988;37.783149;-0.76121;
MM_88_mar;Mar Menor;Murcia;Mediterranean Sea;Seagrass;Cymodocea nodosa;Healthy;Subtidal;1988;37.783149;-0.76121;
MM_88_ab;Mar Menor;Murcia;Mediterranean Sea;Seagrass;Cymodocea nodosa;Healthy;Subtidal;1988;37.783149;-0.76121;
MM_88_may;Mar Menor;Murcia;Mediterranean Sea;Seagrass;Cymodocea nodosa;Healthy;Subtidal;1988;37.783149;-0.76121;
MM_88_jun;Mar Menor;Murcia;Mediterranean Sea;Seagrass;Cymodocea nodosa;Healthy;Subtidal;1988;37.783149;-0.76121;
MM_88_jul;Mar Menor;Murcia;Mediterranean Sea;Seagrass;Cymodocea nodosa;Healthy;Subtidal;1988;37.783149;-0.76121;
MM_88_agos;Mar Menor;Murcia;Mediterranean Sea;Seagrass;Cymodocea nodosa;Healthy;Subtidal;1988;37.783149;-0.76121;
MM_88_sep;Mar Menor;Murcia;Mediterranean Sea;Seagrass;Cymodocea nodosa;Healthy;Subtidal;1988;37.783149;-0.76121;
MM_88_oct;Mar Menor;Murcia;Mediterranean Sea;Seagrass;Cymodocea nodosa;Healthy;Subtidal;1988;37.783149;-0.76121;
MM_88_nov;Mar Menor;Murcia;Mediterranean Sea;Seagrass;Cymodocea nodosa;Healthy;Subtidal;1988;37.783149;-0.76121;
MM_88_dic;Mar Menor;Murcia;Mediterranean Sea;Seagrass;Cymodocea nodosa;Healthy;Subtidal;1988;37.783149;-0.76121;
MM_89_ene;Mar Menor;Murcia;Mediterranean Sea;Seagrass;Cymodocea nodosa;Healthy;Subtidal;1989;37.783149;-0.76121;
MM_89_feb;Mar Menor;Murcia;Mediterranean Sea;Seagrass;Cymodocea nodosa;Healthy;Subtidal;1989;37.783149;-0.76121;
MM_89_mar;Mar Menor;Murcia;Mediterranean Sea;Seagrass;Cymodocea nodosa;Healthy;Subtidal;1989;37.783149;-0.76121;
MM_89_ab;Mar Menor;Murcia;Mediterranean Sea;Seagrass;Cymodocea nodosa;Healthy;Subtidal;1989;37.783149;-0.76121;
MM_89_may;Mar Menor;Murcia;Mediterranean Sea;Seagrass;Cymodocea nodosa;Healthy;Subtidal;1989;37.783149;-0.76121;
MM_89_jun;Mar Menor;Murcia;Mediterranean Sea;Seagrass;Cymodocea nodosa;Healthy;Subtidal;1989;37.783149;-0.76121;
MM_89_jul;Mar Menor;Murcia;Mediterranean Sea;Seagrass;Cymodocea nodosa;Healthy;Subtidal;1989;37.783149;-0.76121;
MM_89_agos;Mar Menor;Murcia;Mediterranean Sea;Seagrass;Cymodocea nodosa;Healthy;Subtidal;1989;37.783149;-0.76121;
MM_89_sep;Mar Menor;Murcia;Mediterranean Sea;Seagrass;Cymodocea nodosa;Healthy;Subtidal;1989;37.783149;-0.76121;
MM_89_oct;Mar Menor;Murcia;Mediterranean Sea;Seagrass;Cymodocea nodosa;Healthy;Subtidal;1989;37.783149;-0.76121;
MM_89_nov;Mar Menor;Murcia;Mediterranean Sea;Seagrass;Cymodocea nodosa;Healthy;Subtidal;1989;37.783149;-0.76121;
MM_89_dic;Mar Menor;Murcia;Mediterranean Sea;Seagrass;Cymodocea nodosa;Healthy;Subtidal;1989;37.783149;-0.76121;
Ca¤uelos_mar;Cala de Ca¤uelos;Andalucia;Mediterranean Sea;Seagrass;Zostera marina;Healthy;Subtidal;2004;36.743831;-3.791281;
Ca¤uelos_jun;Cala de Ca¤uelos;Andalucia;Mediterranean Sea;Seagrass;Zostera marina;Healthy;Subtidal;2004;36.743831;-3.791281;
Ca¤uelos_sep;Cala de Ca¤uelos;Andalucia;Mediterranean Sea;Seagrass;Zostera marina;Healthy;Subtidal;2004;36.743831;-3.791281;
Ca¤ielos_dic;Cala de Ca¤uelos;Andalucia;Mediterranean Sea;Seagrass;Zostera marina;Healthy;Subtidal;2004;36.743831;-3.791281;
Ca¤uelos_mar5;Cala de Ca¤uelos;Andalucia;Mediterranean Sea;Seagrass;Zostera marina;Healthy;Subtidal;2005;36.743831;-3.791281;
Av22_Sp;Aveiro;C Portugal;Atlantic Ocean;Salt Marsh;Spartina maritima;Healthy;Low;2022;40.606931;-8.738324;
Av22_Zn;Aveiro;C Portugal;Atlantic Ocean;Seagrass;Zostera noltii;Healthy;Intertidal;2022;40.606931;-8.738324;
Av22_Zn_I;Aveiro;C Portugal;Atlantic Ocean;Seagrass;Zostera noltii;Healthy;Intertidal;2022;40.62199;-8.682364;
Av22_Sc;Aveiro;C Portugal;Atlantic Ocean;Salt Marsh;Sarcocornia;Healthy;Low;2022;40.606931;-8.738324;
Av22_Zn_M;Aveiro;C Portugal;Atlantic Ocean;Seagrass;Zostera noltii;Healthy;Intertidal;2022;40.606838;-8.73622;
ALFA;Delta del Ebro;Catalunya;Mediterranean Sea;Salt Marsh;Salicornia;;Microtidal;2015;40.638078;0.743147;
ENCA;Delta del Ebro;Catalunya;Mediterranean Sea;Salt Marsh;Salicornia;;Microtidal;2015;40.653283;0.685472;
FBIO;Delta del Ebro;Catalunya;Mediterranean Sea;Salt Marsh;Phragmites australis;;Microtidal;2015;40.663111;0.703075;
Pego-1;Pego-Oliva;Pa¡s Valenci…;Mediterranean Sea;Salt Marsh;Phragmites australis;;Microtidal;2014;38.872011;-0.049486;
Pego-2;Pego-Oliva;Pa¡s Valenci…;Mediterranean Sea;Salt Marsh;Phragmites australis;;Microtidal;2014;38.879781;-0.068564;
Moros-1;Sagunto;Pa¡s Valenci…;Mediterranean Sea;Salt Marsh;Phragmites australis;;Microtidal;2014;39.632156;-0.265144;
Moros-2;Sagunto;Pa¡s Valenci…;Mediterranean Sea;Salt Marsh;Phragmites australis;;Microtidal;2014;39.631208;-0.260103;
ADRA;Venta Nueva;Andalucia;Mediterranean Sea;Salt Marsh;Phragmites australis;;Microtidal;2016;36.751653;-2.950664;
BULL;BULL;Pa¡s Valenci…;Mediterranean Sea;Salt Marsh;Phragmites australis;;Microtidal;2016;38.903625;-0.064133;
CALP;CALP;Pa¡s Valenci…;Mediterranean Sea;Salt Marsh;Salicornia;;Microtidal;2016;38.643983;0.066239;
GATA;Cabo Gata;Andalucia;Mediterranean Sea;Salt Marsh;Salicornia;;Microtidal;2016;36.759108;-2.217558;
MALL;Albufera;Pa¡s Valenci…;Mediterranean Sea;Salt Marsh;Phragmites australis;;Microtidal;2016;39.340128;-0.311142;
MOLI;Denia;Pa¡s Valenci…;Mediterranean Sea;Salt Marsh;Phragmites australis;;Microtidal;2017;38.884983;-0.037736;
PALM;Algeciras;Andalucia;Mediterranean Sea;Salt Marsh;Salicornia;;Microtidal;2016;36.173972;-5.438358;
SENI;Moraira;Pa¡s Valenci…;Mediterranean Sea;Salt Marsh;Phragmites australis;;Microtidal;2016;38.687781;0.130625;
MB_Cadiz;Bahia de Cadiz;Andalucia;Atlantic Ocean;Salt Marsh;Salicornia;Healthy;Low;;36.496482;-6.169088;
MM_Cadiz;Bahia de Cadiz;Andalucia;Atlantic Ocean;Salt Marsh;Sarcocornia;Healthy;Medium;;36.496482;-6.169088;
MA_Cadiz;Bahia de Cadiz;Andalucia;Atlantic Ocean;Salt Marsh;Limoniastrum monopetalum;Healthy;High;;36.496482;-6.169088;
MMD_Cadiz;Bahia de Cadiz;Andalucia;Atlantic Ocean;Salt Marsh;Sarcocornia;Degraded;Low;;36.496482;-6.169088;
Ria de Aveiro - 1_J;Ria de Aveiro;N Portugal;Atlantic Ocean;Salt Marsh;Juncus;Healthy;Medium;2012;40.793417;-8.657793;
Ria de Aveiro - 2_J;Ria de Aveiro;N Portugal;Atlantic Ocean;Salt Marsh;Juncus;Healthy;Medium;2012;40.713202;-8.673333;
Ria de Aveiro - 3_J;Ria de Aveiro;N Portugal;Atlantic Ocean;Salt Marsh;Juncus;Healthy;Medium;2012;40.602581;-8.742346;
Ria de Aveiro - 2_Sm;Ria de Aveiro;N Portugal;Atlantic Ocean;Salt Marsh;Spartina maritima;Healthy;Low;2012;40.713202;-8.673333;
Ria de Aveiro - 3_Sm;Ria de Aveiro;N Portugal;Atlantic Ocean;Salt Marsh;Spartina maritima;Healthy;Low;2012;40.602581;-8.742346;
Ria de Aveiro - 1_Zn;Ria de Aveiro;N Portugal;Atlantic Ocean;Seagrass;Zostera noltii;Healthy;Intertidal;2013;40.659855;-8.666949;
Santa Maria_CM;Cabrera;Illes Balears;Mediterranean Sea;Seagrass;Zostera noltii;Healthy;Subtidal;2020;39.153624;2.945549;12.9
